"../../../Engine/Content/EditorResources/S_Actor.ubulk" 0
"../../../Engine/Content/EditorResources/S_Actor.uasset" 1
"../../../Engine/Content/EditorResources/S_Actor.uexp" 2
"../../../Engine/Content/EditorResources/S_BoxReflectionCapture.uasset" 3
"../../../Engine/Content/EditorResources/S_BoxReflectionCapture.uexp" 4
"../../../Engine/Content/EngineResources/DefaultTexture.ubulk" 5
"../../../Engine/Content/EngineResources/DefaultTexture.uasset" 6
"../../../Engine/Content/EngineResources/DefaultTexture.uexp" 7
"../../../Engine/Content/EngineResources/DefaultTextureCube.uasset" 8
"../../../Engine/Content/EngineResources/DefaultTextureCube.uexp" 9
"../../../Engine/Content/EngineResources/DefaultVolumeTexture2D.uasset" 10
"../../../Engine/Content/EngineResources/DefaultVolumeTexture2D.uexp" 11
"../../../Engine/Content/EngineResources/DefaultVolumeTexture.uasset" 12
"../../../Engine/Content/EngineResources/DefaultVolumeTexture.uexp" 13
"../../../Engine/Content/EditorResources/S_Trigger.ubulk" 14
"../../../Engine/Content/EditorResources/S_Trigger.uasset" 15
"../../../Engine/Content/EditorResources/S_Trigger.uexp" 16
"../../../Engine/Content/EditorResources/S_TriggerBox.uasset" 17
"../../../Engine/Content/EditorResources/S_TriggerBox.uexp" 18
"../../../Engine/Content/EditorResources/S_TriggerCapsule.uasset" 19
"../../../Engine/Content/EditorResources/S_TriggerCapsule.uexp" 20
"../../../Engine/Content/EditorResources/S_TriggerSphere.uasset" 21
"../../../Engine/Content/EditorResources/S_TriggerSphere.uexp" 22
"../../../Engine/Content/EngineMeshes/Sphere.ubulk" 23
"../../../Engine/Content/EngineMeshes/Sphere.uasset" 24
"../../../Engine/Content/EngineMeshes/Sphere.uexp" 25
"../../../Engine/Content/EngineResources/GradientTexture0.uasset" 26
"../../../Engine/Content/EngineResources/GradientTexture0.uexp" 27
"../../../Engine/Content/EngineResources/Black.uasset" 28
"../../../Engine/Content/EngineResources/Black.uexp" 29
"../../../Engine/Content/VREditor/LaserPointer/VR_LaserPower_01.ubulk" 30
"../../../Engine/Content/VREditor/LaserPointer/VR_LaserPower_01.uasset" 31
"../../../Engine/Content/VREditor/LaserPointer/VR_LaserPower_01.uexp" 32
"../../../Engine/Content/VREditor/TransformGizmo/TransformGizmoMaterial.uasset" 33
"../../../Engine/Content/VREditor/TransformGizmo/TransformGizmoMaterial.uexp" 34
"../../../Engine/Content/VREditor/TransformGizmo/TranslucentTransformGizmoMaterial.uasset" 35
"../../../Engine/Content/VREditor/TransformGizmo/TranslucentTransformGizmoMaterial.uexp" 36
"../../../Engine/Content/VREditor/TransformGizmo/BoundingBoxCorner.ubulk" 37
"../../../Engine/Content/VREditor/TransformGizmo/BoundingBoxCorner.uasset" 38
"../../../Engine/Content/VREditor/TransformGizmo/BoundingBoxCorner.uexp" 39
"../../../Engine/Content/VREditor/TransformGizmo/BoundingBoxEdge.ubulk" 40
"../../../Engine/Content/VREditor/TransformGizmo/BoundingBoxEdge.uasset" 41
"../../../Engine/Content/VREditor/TransformGizmo/BoundingBoxEdge.uexp" 42
"../../../Engine/Content/VREditor/TransformGizmo/Main.uasset" 43
"../../../Engine/Content/VREditor/TransformGizmo/Main.uexp" 44
"../../../Engine/Content/VREditor/TransformGizmo/Xray.uasset" 45
"../../../Engine/Content/VREditor/TransformGizmo/Xray.uexp" 46
"../../../Engine/Content/VREditor/TransformGizmo/SM_Sequencer_Node.ubulk" 47
"../../../Engine/Content/VREditor/TransformGizmo/SM_Sequencer_Node.uasset" 48
"../../../Engine/Content/VREditor/TransformGizmo/SM_Sequencer_Node.uexp" 49
"../../../Engine/Content/EditorResources/S_Solver.ubulk" 50
"../../../Engine/Content/EditorResources/S_Solver.uasset" 51
"../../../Engine/Content/EditorResources/S_Solver.uexp" 52
"../../../Engine/Content/EditorMaterials/Camera/CineMat.uasset" 53
"../../../Engine/Content/EditorMaterials/Camera/CineMat.uexp" 54
"../../../Engine/Content/EditorMaterials/Camera/MI_CineMat_Rig.uasset" 55
"../../../Engine/Content/EditorMaterials/Camera/MI_CineMat_Rig.uexp" 56
"../../../Engine/Content/EditorMeshes/Camera/SM_CraneRig_Base.ubulk" 57
"../../../Engine/Content/EditorMeshes/Camera/SM_CraneRig_Base.uasset" 58
"../../../Engine/Content/EditorMeshes/Camera/SM_CraneRig_Base.uexp" 59
"../../../Engine/Content/EditorMeshes/Camera/SM_CraneRig_Arm.ubulk" 60
"../../../Engine/Content/EditorMeshes/Camera/SM_CraneRig_Arm.uasset" 61
"../../../Engine/Content/EditorMeshes/Camera/SM_CraneRig_Arm.uexp" 62
"../../../Engine/Content/EditorMeshes/Camera/SM_CraneRig_Mount.ubulk" 63
"../../../Engine/Content/EditorMeshes/Camera/SM_CraneRig_Mount.uasset" 64
"../../../Engine/Content/EditorMeshes/Camera/SM_CraneRig_Mount.uexp" 65
"../../../Engine/Content/EditorMeshes/Camera/SM_CraneRig_Body.ubulk" 66
"../../../Engine/Content/EditorMeshes/Camera/SM_CraneRig_Body.uasset" 67
"../../../Engine/Content/EditorMeshes/Camera/SM_CraneRig_Body.uexp" 68
"../../../Engine/Content/EditorMeshes/Camera/SM_RailRig_Track.ubulk" 69
"../../../Engine/Content/EditorMeshes/Camera/SM_RailRig_Track.uasset" 70
"../../../Engine/Content/EditorMeshes/Camera/SM_RailRig_Track.uexp" 71
"../../../Engine/Content/EditorMeshes/Camera/SM_RailRig_Mount.ubulk" 72
"../../../Engine/Content/EditorMeshes/Camera/SM_RailRig_Mount.uasset" 73
"../../../Engine/Content/EditorMeshes/Camera/SM_RailRig_Mount.uexp" 74
"../../../Engine/Content/EngineMaterials/T_Default_Material_Grid_M.ubulk" 75
"../../../Engine/Content/EngineMaterials/T_Default_Material_Grid_M.uasset" 76
"../../../Engine/Content/EngineMaterials/T_Default_Material_Grid_M.uexp" 77
"../../../Engine/Content/EngineMaterials/T_Default_Material_Grid_N.ubulk" 78
"../../../Engine/Content/EngineMaterials/T_Default_Material_Grid_N.uasset" 79
"../../../Engine/Content/EngineMaterials/T_Default_Material_Grid_N.uexp" 80
"../../../Engine/Content/Functions/Engine_MaterialFunctions01/Opacity/CameraDepthFade.uasset" 81
"../../../Engine/Content/Functions/Engine_MaterialFunctions01/Opacity/CameraDepthFade.uexp" 82
"../../../Engine/Content/EngineMaterials/WorldGridMaterial.uasset" 83
"../../../Engine/Content/EngineMaterials/WorldGridMaterial.uexp" 84
"../../../Engine/Content/ArtTools/RenderToTexture/Meshes/S_1_Unit_Plane.ubulk" 85
"../../../Engine/Content/ArtTools/RenderToTexture/Meshes/S_1_Unit_Plane.uasset" 86
"../../../Engine/Content/ArtTools/RenderToTexture/Meshes/S_1_Unit_Plane.uexp" 87
"../../../Engine/Content/EditorMaterials/ParticleSystems/PSysThumbnail_NoImage.ubulk" 88
"../../../Engine/Content/EditorMaterials/ParticleSystems/PSysThumbnail_NoImage.uasset" 89
"../../../Engine/Content/EditorMaterials/ParticleSystems/PSysThumbnail_NoImage.uexp" 90
"../../../Engine/Content/EditorMaterials/ParticleSystems/PSysThumbnail_OOD.ubulk" 91
"../../../Engine/Content/EditorMaterials/ParticleSystems/PSysThumbnail_OOD.uasset" 92
"../../../Engine/Content/EditorMaterials/ParticleSystems/PSysThumbnail_OOD.uexp" 93
"../../../Engine/Content/EditorLandscapeResources/SplineEditorMeshMat.uasset" 94
"../../../Engine/Content/EditorLandscapeResources/SplineEditorMeshMat.uexp" 95
"../../../Engine/Content/EditorLandscapeResources/SplineEditorMesh.ubulk" 96
"../../../Engine/Content/EditorLandscapeResources/SplineEditorMesh.uasset" 97
"../../../Engine/Content/EditorLandscapeResources/SplineEditorMesh.uexp" 98
"../../../Engine/Plugins/Media/MediaPlate/Content/SM_MediaPlateScreen.ubulk" 99
"../../../Engine/Plugins/Media/MediaPlate/Content/SM_MediaPlateScreen.uasset" 100
"../../../Engine/Plugins/Media/MediaPlate/Content/SM_MediaPlateScreen.uexp" 101
"../../../Engine/Content/EngineMaterials/DefaultBokeh.uasset" 102
"../../../Engine/Content/EngineMaterials/DefaultBokeh.uexp" 103
"../../../Engine/Content/EngineMaterials/MiniFont.uasset" 104
"../../../Engine/Content/EngineMaterials/MiniFont.uexp" 105
"../../../Engine/Content/EngineMaterials/WeightMapPlaceholderTexture.uasset" 106
"../../../Engine/Content/EngineMaterials/WeightMapPlaceholderTexture.uexp" 107
"../../../Engine/Content/EngineMaterials/WeightMapArrayPlaceholderTexture.uasset" 108
"../../../Engine/Content/EngineMaterials/WeightMapArrayPlaceholderTexture.uexp" 109
"../../../Engine/Content/EngineMaterials/DefaultWhiteGrid.ubulk" 110
"../../../Engine/Content/EngineMaterials/DefaultWhiteGrid.uasset" 111
"../../../Engine/Content/EngineMaterials/DefaultWhiteGrid.uexp" 112
"../../../Engine/Content/EngineMaterials/PreintegratedSkinBRDF.uasset" 113
"../../../Engine/Content/EngineMaterials/PreintegratedSkinBRDF.uexp" 114
"../../../Engine/Content/Functions/Engine_MaterialFunctions02/WorldPositionOffset/CameraOffset.uasset" 115
"../../../Engine/Content/Functions/Engine_MaterialFunctions02/WorldPositionOffset/CameraOffset.uexp" 116
"../../../Engine/Plugins/Animation/ControlRig/Content/M_Manip.uasset" 117
"../../../Engine/Plugins/Animation/ControlRig/Content/M_Manip.uexp" 118
"../../../Engine/Plugins/Animation/ACLPlugin/Content/ACLAnimCurveCompressionSettings.uasset" 119
"../../../Engine/Plugins/Animation/ACLPlugin/Content/ACLAnimCurveCompressionSettings.uexp" 120
"../../../Engine/Plugins/Animation/ACLPlugin/Content/ACLAnimBoneCompressionSettings.uasset" 121
"../../../Engine/Plugins/Animation/ACLPlugin/Content/ACLAnimBoneCompressionSettings.uexp" 122
"../../../Engine/Plugins/2D/Paper2D/Content/PlaceholderTextures/DummySpriteTexture.ubulk" 123
"../../../Engine/Plugins/2D/Paper2D/Content/PlaceholderTextures/DummySpriteTexture.uasset" 124
"../../../Engine/Plugins/2D/Paper2D/Content/PlaceholderTextures/DummySpriteTexture.uexp" 125
"../../../Engine/Plugins/2D/Paper2D/Content/DefaultSpriteMaterial.uasset" 126
"../../../Engine/Plugins/2D/Paper2D/Content/DefaultSpriteMaterial.uexp" 127
"../../../Engine/Plugins/2D/Paper2D/Content/OpaqueUnlitSpriteMaterial.uasset" 128
"../../../Engine/Plugins/2D/Paper2D/Content/OpaqueUnlitSpriteMaterial.uexp" 129
"../../../Engine/Plugins/2D/Paper2D/Content/MaskedUnlitSpriteMaterial.uasset" 130
"../../../Engine/Plugins/2D/Paper2D/Content/MaskedUnlitSpriteMaterial.uexp" 131
"../../../Engine/Plugins/2D/Paper2D/Content/DummySprite.uasset" 132
"../../../Engine/Plugins/2D/Paper2D/Content/DummySprite.uexp" 133
"../../../Engine/Plugins/2D/Paper2D/Content/DefaultPaperTerrainMaterial.uasset" 134
"../../../Engine/Plugins/2D/Paper2D/Content/DefaultPaperTerrainMaterial.uexp" 135
"../../../Engine/Plugins/Runtime/MeshModelingToolset/Content/Materials/M_DynamicMeshComponentVtxColor.uasset" 136
"../../../Engine/Plugins/Runtime/MeshModelingToolset/Content/Materials/M_DynamicMeshComponentVtxColor.uexp" 137
"../../../Engine/Plugins/Interchange/Runtime/Content/Pipelines/DefaultTexturePipeline.uasset" 138
"../../../Engine/Plugins/Interchange/Runtime/Content/Pipelines/DefaultTexturePipeline.uexp" 139
"../../../Engine/Plugins/Interchange/Runtime/Content/Pipelines/DefaultSceneLevelPipeline.uasset" 140
"../../../Engine/Plugins/Interchange/Runtime/Content/Pipelines/DefaultSceneLevelPipeline.uexp" 141
"../../../Engine/Plugins/Interchange/Runtime/Content/Pipelines/DefaultSceneAssetsPipeline.uasset" 142
"../../../Engine/Plugins/Interchange/Runtime/Content/Pipelines/DefaultSceneAssetsPipeline.uexp" 143
"../../../Engine/Plugins/Interchange/Runtime/Content/Pipelines/DefaultMaterialXPipeline.uasset" 144
"../../../Engine/Plugins/Interchange/Runtime/Content/Pipelines/DefaultMaterialXPipeline.uexp" 145
"../../../Engine/Plugins/Interchange/Runtime/Content/Pipelines/DefaultMaterialPipeline.uasset" 146
"../../../Engine/Plugins/Interchange/Runtime/Content/Pipelines/DefaultMaterialPipeline.uexp" 147
"../../../Engine/Plugins/Interchange/Runtime/Content/Pipelines/DefaultGLTFSceneAssetsPipeline.uasset" 148
"../../../Engine/Plugins/Interchange/Runtime/Content/Pipelines/DefaultGLTFSceneAssetsPipeline.uexp" 149
"../../../Engine/Plugins/Interchange/Runtime/Content/Pipelines/DefaultGLTFPipeline.uasset" 150
"../../../Engine/Plugins/Interchange/Runtime/Content/Pipelines/DefaultGLTFPipeline.uexp" 151
"../../../Engine/Plugins/Interchange/Runtime/Content/Pipelines/DefaultGLTFAssetsPipeline.uasset" 152
"../../../Engine/Plugins/Interchange/Runtime/Content/Pipelines/DefaultGLTFAssetsPipeline.uexp" 153
"../../../Engine/Plugins/Interchange/Runtime/Content/Pipelines/DefaultAssetsPipeline.uasset" 154
"../../../Engine/Plugins/Interchange/Runtime/Content/Pipelines/DefaultAssetsPipeline.uexp" 155
"../../../Engine/Plugins/Interchange/Runtime/Content/Functions/MX_UsdPreviewSurface.uasset" 156
"../../../Engine/Plugins/Interchange/Runtime/Content/Functions/MX_UsdPreviewSurface.uexp" 157
"../../../Engine/Plugins/Interchange/Runtime/Content/Functions/MX_UniformEDF.uasset" 158
"../../../Engine/Plugins/Interchange/Runtime/Content/Functions/MX_UniformEDF.uexp" 159
"../../../Engine/Plugins/Interchange/Runtime/Content/Functions/MX_TranslucentBSDF.uasset" 160
"../../../Engine/Plugins/Interchange/Runtime/Content/Functions/MX_TranslucentBSDF.uexp" 161
"../../../Engine/Plugins/Interchange/Runtime/Content/Functions/MX_ThinFilmBSDF.uasset" 162
"../../../Engine/Plugins/Interchange/Runtime/Content/Functions/MX_ThinFilmBSDF.uexp" 163
"../../../Engine/Plugins/Interchange/Runtime/Content/Functions/MX_SurfaceUnlit.uasset" 164
"../../../Engine/Plugins/Interchange/Runtime/Content/Functions/MX_SurfaceUnlit.uexp" 165
"../../../Engine/Plugins/Interchange/Runtime/Content/Functions/MX_Surface.uasset" 166
"../../../Engine/Plugins/Interchange/Runtime/Content/Functions/MX_Surface.uexp" 167
"../../../Engine/Plugins/Interchange/Runtime/Content/Functions/MX_SubsurfaceBSDF.uasset" 168
"../../../Engine/Plugins/Interchange/Runtime/Content/Functions/MX_SubsurfaceBSDF.uexp" 169
"../../../Engine/Plugins/Interchange/Runtime/Content/Functions/MX_SheenBSDF.uasset" 170
"../../../Engine/Plugins/Interchange/Runtime/Content/Functions/MX_SheenBSDF.uexp" 171
"../../../Engine/Plugins/Interchange/Runtime/Content/Functions/MX_OrenNayarBSDF.uasset" 172
"../../../Engine/Plugins/Interchange/Runtime/Content/Functions/MX_OrenNayarBSDF.uexp" 173
"../../../Engine/Content/Functions/Engine_MaterialFunctions02/Utility/CameraDirectionVector.uasset" 174
"../../../Engine/Content/Functions/Engine_MaterialFunctions02/Utility/CameraDirectionVector.uexp" 175
"../../../Engine/Content/Functions/Engine_MaterialFunctions01/Volumetrics/BeersLaw.uasset" 176
"../../../Engine/Content/Functions/Engine_MaterialFunctions01/Volumetrics/BeersLaw.uexp" 177
"../../../Engine/Content/EngineMaterials/Good64x64TilingNoiseHighFreq.uasset" 178
"../../../Engine/Content/EngineMaterials/Good64x64TilingNoiseHighFreq.uexp" 179
"../../../Engine/Content/Functions/Engine_MaterialFunctions02/Texturing/ScreenAlignedPixelToPixelUVs.uasset" 180
"../../../Engine/Content/Functions/Engine_MaterialFunctions02/Texturing/ScreenAlignedPixelToPixelUVs.uexp" 181
"../../../Engine/Plugins/Interchange/Runtime/Content/gltf/MaterialFunctions/MF_Temporal_Blur.uasset" 182
"../../../Engine/Plugins/Interchange/Runtime/Content/gltf/MaterialFunctions/MF_Temporal_Blur.uexp" 183
"../../../Engine/Plugins/Interchange/Runtime/Content/gltf/MaterialFunctions/MF_Fresnel_DS.uasset" 184
"../../../Engine/Plugins/Interchange/Runtime/Content/gltf/MaterialFunctions/MF_Fresnel_DS.uexp" 185
"../../../Engine/Content/Functions/Engine_MaterialFunctions02/Utility/BreakOutFloat3Components.uasset" 186
"../../../Engine/Content/Functions/Engine_MaterialFunctions02/Utility/BreakOutFloat3Components.uexp" 187
"../../../Engine/Plugins/Interchange/Runtime/Content/Functions/MX_Transmission.uasset" 188
"../../../Engine/Plugins/Interchange/Runtime/Content/Functions/MX_Transmission.uexp" 189
"../../../Engine/Plugins/Interchange/Runtime/Content/Functions/MF_OrenNayerView.uasset" 190
"../../../Engine/Plugins/Interchange/Runtime/Content/Functions/MF_OrenNayerView.uexp" 191
"../../../Engine/Plugins/Interchange/Runtime/Content/Functions/MF_SchlickApprox.uasset" 192
"../../../Engine/Plugins/Interchange/Runtime/Content/Functions/MF_SchlickApprox.uexp" 193
"../../../Engine/Plugins/Interchange/Runtime/Content/Utilities/New_LUT.uasset" 194
"../../../Engine/Plugins/Interchange/Runtime/Content/Utilities/New_LUT.uexp" 195
"../../../Engine/Content/Functions/Engine_MaterialFunctions03/Math/RemapValueRange.uasset" 196
"../../../Engine/Content/Functions/Engine_MaterialFunctions03/Math/RemapValueRange.uexp" 197
"../../../Engine/Plugins/Interchange/Runtime/Content/Functions/MF_Iridescence.uasset" 198
"../../../Engine/Plugins/Interchange/Runtime/Content/Functions/MF_Iridescence.uexp" 199
"../../../Engine/Plugins/Interchange/Runtime/Content/Functions/MX_StandardSurface.uasset" 200
"../../../Engine/Plugins/Interchange/Runtime/Content/Functions/MX_StandardSurface.uexp" 201
"../../../Engine/Plugins/Interchange/Runtime/Content/Functions/MX_TransmissionSurface.uasset" 202
"../../../Engine/Plugins/Interchange/Runtime/Content/Functions/MX_TransmissionSurface.uexp" 203
"../../../Engine/Plugins/Interchange/Runtime/Content/Functions/MX_OpenPBR_Translucent.uasset" 204
"../../../Engine/Plugins/Interchange/Runtime/Content/Functions/MX_OpenPBR_Translucent.uexp" 205
"../../../Engine/Plugins/Interchange/Runtime/Content/Functions/MX_OpenPBR_Opaque.uasset" 206
"../../../Engine/Plugins/Interchange/Runtime/Content/Functions/MX_OpenPBR_Opaque.uexp" 207
"../../../Engine/Plugins/Interchange/Runtime/Content/Functions/MX_MeasuredEDF.uasset" 208
"../../../Engine/Plugins/Interchange/Runtime/Content/Functions/MX_MeasuredEDF.uexp" 209
"../../../Engine/Plugins/Interchange/Runtime/Content/Functions/MX_GeneralizedSchlickBSDF.uasset" 210
"../../../Engine/Plugins/Interchange/Runtime/Content/Functions/MX_GeneralizedSchlickBSDF.uexp" 211
"../../../Engine/Plugins/Interchange/Runtime/Content/Functions/MX_DielectricBSDF.uasset" 212
"../../../Engine/Plugins/Interchange/Runtime/Content/Functions/MX_DielectricBSDF.uexp" 213
"../../../Engine/Plugins/Interchange/Runtime/Content/Functions/MX_ConicalEDF.uasset" 214
"../../../Engine/Plugins/Interchange/Runtime/Content/Functions/MX_ConicalEDF.uexp" 215
"../../../Engine/Plugins/Interchange/Runtime/Content/Functions/MX_ConductorBSDF.uasset" 216
"../../../Engine/Plugins/Interchange/Runtime/Content/Functions/MX_ConductorBSDF.uexp" 217
"../../../Engine/Plugins/Interchange/Runtime/Content/Functions/MX_BurleyDiffuseBSDF.uasset" 218
"../../../Engine/Plugins/Interchange/Runtime/Content/Functions/MX_BurleyDiffuseBSDF.uexp" 219
"../../../Engine/Plugins/Interchange/Runtime/Content/Functions/MX_AnisotropicVDF.uasset" 220
"../../../Engine/Plugins/Interchange/Runtime/Content/Functions/MX_AnisotropicVDF.uexp" 221
"../../../Engine/Plugins/Interchange/Runtime/Content/Functions/MX_AbsorptionVDF.uasset" 222
"../../../Engine/Plugins/Interchange/Runtime/Content/Functions/MX_AbsorptionVDF.uexp" 223
"../../../Engine/Plugins/Editor/SpeedTreeImporter/Content/SpeedTree9/game_wind_noise.ubulk" 224
"../../../Engine/Plugins/Editor/SpeedTreeImporter/Content/SpeedTree9/game_wind_noise.uasset" 225
"../../../Engine/Plugins/Editor/SpeedTreeImporter/Content/SpeedTree9/game_wind_noise.uexp" 226
"../../../Engine/Plugins/Editor/SpeedTreeImporter/Content/SpeedTree9/UnpackDirection.uasset" 227
"../../../Engine/Plugins/Editor/SpeedTreeImporter/Content/SpeedTree9/UnpackDirection.uexp" 228
"../../../Engine/Content/Functions/Engine_MaterialFunctions02/ObjectLocalBounds.uasset" 229
"../../../Engine/Content/Functions/Engine_MaterialFunctions02/ObjectLocalBounds.uexp" 230
"../../../Engine/Content/Functions/Engine_MaterialFunctions02/UVs/BoundingBoxBased_0-1_UVW.uasset" 231
"../../../Engine/Content/Functions/Engine_MaterialFunctions02/UVs/BoundingBoxBased_0-1_UVW.uexp" 232
"../../../Engine/Content/Functions/Engine_MaterialFunctions02/Utility/VectorLength.uasset" 233
"../../../Engine/Content/Functions/Engine_MaterialFunctions02/Utility/VectorLength.uexp" 234
"../../../Engine/Plugins/Editor/SpeedTreeImporter/Content/SpeedTree9/UnpackInteger3.uasset" 235
"../../../Engine/Plugins/Editor/SpeedTreeImporter/Content/SpeedTree9/UnpackInteger3.uexp" 236
"../../../Engine/Plugins/Editor/SpeedTreeImporter/Content/SpeedTree9/SpeedTreeCameraFacing.uasset" 237
"../../../Engine/Plugins/Editor/SpeedTreeImporter/Content/SpeedTree9/SpeedTreeCameraFacing.uexp" 238
"../../../Engine/Content/Functions/Engine_MaterialFunctions02/WorldPositionOffset/ObjectScale.uasset" 239
"../../../Engine/Content/Functions/Engine_MaterialFunctions02/WorldPositionOffset/ObjectScale.uexp" 240
"../../../Engine/Content/Functions/Engine_MaterialFunctions02/SafeNormalize.uasset" 241
"../../../Engine/Content/Functions/Engine_MaterialFunctions02/SafeNormalize.uexp" 242
"../../../Engine/Plugins/Editor/SpeedTreeImporter/Content/SpeedTree9/SpeedTreeWindMotion.uasset" 243
"../../../Engine/Plugins/Editor/SpeedTreeImporter/Content/SpeedTree9/SpeedTreeWindMotion.uexp" 244
"../../../Engine/Plugins/Editor/SpeedTreeImporter/Content/SpeedTree9/SpeedTreeBranchMotion.uasset" 245
"../../../Engine/Plugins/Editor/SpeedTreeImporter/Content/SpeedTree9/SpeedTreeBranchMotion.uexp" 246
"../../../Engine/Plugins/Editor/SpeedTreeImporter/Content/SpeedTree9/SpeedTreeWind.uasset" 247
"../../../Engine/Plugins/Editor/SpeedTreeImporter/Content/SpeedTree9/SpeedTreeWind.uexp" 248
"../../../Engine/Plugins/Editor/SpeedTreeImporter/Content/SpeedTree9/EmptyNormal.uasset" 249
"../../../Engine/Plugins/Editor/SpeedTreeImporter/Content/SpeedTree9/EmptyNormal.uexp" 250
"../../../Engine/Plugins/Editor/SpeedTreeImporter/Content/SpeedTree9/Empty.uasset" 251
"../../../Engine/Plugins/Editor/SpeedTreeImporter/Content/SpeedTree9/Empty.uexp" 252
"../../../Engine/Plugins/Editor/SpeedTreeImporter/Content/SpeedTree9/SpeedTreeMaster.uasset" 253
"../../../Engine/Plugins/Editor/SpeedTreeImporter/Content/SpeedTree9/SpeedTreeMaster.uexp" 254
"../../../Engine/Plugins/Editor/SpeedTreeImporter/Content/SpeedTree9/SpeedTreeBillboard.uasset" 255
"../../../Engine/Plugins/Editor/SpeedTreeImporter/Content/SpeedTree9/SpeedTreeBillboard.uexp" 256
"../../../Engine/Plugins/Editor/SpeedTreeImporter/Content/SpeedTree9/SpeedTreeBillboardMaster.uasset" 257
"../../../Engine/Plugins/Editor/SpeedTreeImporter/Content/SpeedTree9/SpeedTreeBillboardMaster.uexp" 258
"../../../Engine/Plugins/Animation/ControlRig/Content/Controls/DefaultGizmoLibraryNormalized.uasset" 259
"../../../Engine/Plugins/Animation/ControlRig/Content/Controls/DefaultGizmoLibraryNormalized.uexp" 260
"../../../Engine/Plugins/Animation/ControlRig/Content/Controls/ControlRig_Wedge_solid.ubulk" 261
"../../../Engine/Plugins/Animation/ControlRig/Content/Controls/ControlRig_Wedge_solid.uasset" 262
"../../../Engine/Plugins/Animation/ControlRig/Content/Controls/ControlRig_Wedge_solid.uexp" 263
"../../../Engine/Plugins/Animation/ControlRig/Content/Controls/ControlRig_Wedge_3mm.ubulk" 264
"../../../Engine/Plugins/Animation/ControlRig/Content/Controls/ControlRig_Wedge_3mm.uasset" 265
"../../../Engine/Plugins/Animation/ControlRig/Content/Controls/ControlRig_Wedge_3mm.uexp" 266
"../../../Engine/Plugins/Animation/ControlRig/Content/Controls/ControlRig_Wedge_1mm.ubulk" 267
"../../../Engine/Plugins/Animation/ControlRig/Content/Controls/ControlRig_Wedge_1mm.uasset" 268
"../../../Engine/Plugins/Animation/ControlRig/Content/Controls/ControlRig_Wedge_1mm.uexp" 269
"../../../Engine/Plugins/Animation/ControlRig/Content/Controls/ControlRig_Triangle_solid.ubulk" 270
"../../../Engine/Plugins/Animation/ControlRig/Content/Controls/ControlRig_Triangle_solid.uasset" 271
"../../../Engine/Plugins/Animation/ControlRig/Content/Controls/ControlRig_Triangle_solid.uexp" 272
"../../../Engine/Plugins/Animation/ControlRig/Content/Controls/ControlRig_Triangle_3mm.ubulk" 273
"../../../Engine/Plugins/Animation/ControlRig/Content/Controls/ControlRig_Triangle_3mm.uasset" 274
"../../../Engine/Plugins/Animation/ControlRig/Content/Controls/ControlRig_Triangle_3mm.uexp" 275
"../../../Engine/Plugins/Animation/ControlRig/Content/Controls/ControlRig_Triangle_1mm.ubulk" 276
"../../../Engine/Plugins/Animation/ControlRig/Content/Controls/ControlRig_Triangle_1mm.uasset" 277
"../../../Engine/Plugins/Animation/ControlRig/Content/Controls/ControlRig_Triangle_1mm.uexp" 278
"../../../Engine/Plugins/Animation/ControlRig/Content/Controls/ControlRig_Star4_solid.ubulk" 279
"../../../Engine/Plugins/Animation/ControlRig/Content/Controls/ControlRig_Star4_solid.uasset" 280
"../../../Engine/Plugins/Animation/ControlRig/Content/Controls/ControlRig_Star4_solid.uexp" 281
"../../../Engine/Plugins/Animation/ControlRig/Content/Controls/ControlRig_Star4_3mm.ubulk" 282
"../../../Engine/Plugins/Animation/ControlRig/Content/Controls/ControlRig_Star4_3mm.uasset" 283
"../../../Engine/Plugins/Animation/ControlRig/Content/Controls/ControlRig_Star4_3mm.uexp" 284
"../../../Engine/Plugins/Animation/ControlRig/Content/Controls/ControlRig_Star4_1mm.ubulk" 285
"../../../Engine/Plugins/Animation/ControlRig/Content/Controls/ControlRig_Star4_1mm.uasset" 286
"../../../Engine/Plugins/Animation/ControlRig/Content/Controls/ControlRig_Star4_1mm.uexp" 287
"../../../Engine/Plugins/Animation/ControlRig/Content/Controls/ControlRig_Square_solid.ubulk" 288
"../../../Engine/Plugins/Animation/ControlRig/Content/Controls/ControlRig_Square_solid.uasset" 289
"../../../Engine/Plugins/Animation/ControlRig/Content/Controls/ControlRig_Square_solid.uexp" 290
"../../../Engine/Plugins/Animation/ControlRig/Content/Controls/ControlRig_Square_3mm.ubulk" 291
"../../../Engine/Plugins/Animation/ControlRig/Content/Controls/ControlRig_Square_3mm.uasset" 292
"../../../Engine/Plugins/Animation/ControlRig/Content/Controls/ControlRig_Square_3mm.uexp" 293
"../../../Engine/Plugins/Animation/ControlRig/Content/Controls/ControlRig_Square_1mm.ubulk" 294
"../../../Engine/Plugins/Animation/ControlRig/Content/Controls/ControlRig_Square_1mm.uasset" 295
"../../../Engine/Plugins/Animation/ControlRig/Content/Controls/ControlRig_Square_1mm.uexp" 296
"../../../Engine/Plugins/Animation/ControlRig/Content/Controls/ControlRig_Sphere_solid.ubulk" 297
"../../../Engine/Plugins/Animation/ControlRig/Content/Controls/ControlRig_Sphere_solid.uasset" 298
"../../../Engine/Plugins/Animation/ControlRig/Content/Controls/ControlRig_Sphere_solid.uexp" 299
"../../../Engine/Plugins/Animation/ControlRig/Content/Controls/ControlRig_Sphere_3mm.ubulk" 300
"../../../Engine/Plugins/Animation/ControlRig/Content/Controls/ControlRig_Sphere_3mm.uasset" 301
"../../../Engine/Plugins/Animation/ControlRig/Content/Controls/ControlRig_Sphere_3mm.uexp" 302
"../../../Engine/Plugins/Animation/ControlRig/Content/Controls/ControlRig_Sphere_1mm.ubulk" 303
"../../../Engine/Plugins/Animation/ControlRig/Content/Controls/ControlRig_Sphere_1mm.uasset" 304
"../../../Engine/Plugins/Animation/ControlRig/Content/Controls/ControlRig_Sphere_1mm.uexp" 305
"../../../Engine/Plugins/Animation/ControlRig/Content/Controls/ControlRig_RoundedTriangle_solid.ubulk" 306
"../../../Engine/Plugins/Animation/ControlRig/Content/Controls/ControlRig_RoundedTriangle_solid.uasset" 307
"../../../Engine/Plugins/Animation/ControlRig/Content/Controls/ControlRig_RoundedTriangle_solid.uexp" 308
"../../../Engine/Plugins/Animation/ControlRig/Content/Controls/ControlRig_RoundedTriangle_3mm.ubulk" 309
"../../../Engine/Plugins/Animation/ControlRig/Content/Controls/ControlRig_RoundedTriangle_3mm.uasset" 310
"../../../Engine/Plugins/Animation/ControlRig/Content/Controls/ControlRig_RoundedTriangle_3mm.uexp" 311
"../../../Engine/Plugins/Animation/ControlRig/Content/Controls/ControlRig_RoundedTriangle_1mm.ubulk" 312
"../../../Engine/Plugins/Animation/ControlRig/Content/Controls/ControlRig_RoundedTriangle_1mm.uasset" 313
"../../../Engine/Plugins/Animation/ControlRig/Content/Controls/ControlRig_RoundedTriangle_1mm.uexp" 314
"../../../Engine/Plugins/Animation/ControlRig/Content/Controls/ControlRig_RoundedSquare_solid.ubulk" 315
"../../../Engine/Plugins/Animation/ControlRig/Content/Controls/ControlRig_RoundedSquare_solid.uasset" 316
"../../../Engine/Plugins/Animation/ControlRig/Content/Controls/ControlRig_RoundedSquare_solid.uexp" 317
"../../../Engine/Plugins/Animation/ControlRig/Content/Controls/ControlRig_RoundedSquare_3mm.ubulk" 318
"../../../Engine/Plugins/Animation/ControlRig/Content/Controls/ControlRig_RoundedSquare_3mm.uasset" 319
"../../../Engine/Plugins/Animation/ControlRig/Content/Controls/ControlRig_RoundedSquare_3mm.uexp" 320
"../../../Engine/Plugins/Animation/ControlRig/Content/Controls/ControlRig_RoundedSquare_1mm.ubulk" 321
"../../../Engine/Plugins/Animation/ControlRig/Content/Controls/ControlRig_RoundedSquare_1mm.uasset" 322
"../../../Engine/Plugins/Animation/ControlRig/Content/Controls/ControlRig_RoundedSquare_1mm.uexp" 323
"../../../Engine/Plugins/Animation/ControlRig/Content/Controls/ControlRig_QuarterCircle_solid.ubulk" 324
"../../../Engine/Plugins/Animation/ControlRig/Content/Controls/ControlRig_QuarterCircle_solid.uasset" 325
"../../../Engine/Plugins/Animation/ControlRig/Content/Controls/ControlRig_QuarterCircle_solid.uexp" 326
"../../../Engine/Plugins/Animation/ControlRig/Content/Controls/ControlRig_QuarterCircle_3mm.ubulk" 327
"../../../Engine/Plugins/Animation/ControlRig/Content/Controls/ControlRig_QuarterCircle_3mm.uasset" 328
"../../../Engine/Plugins/Animation/ControlRig/Content/Controls/ControlRig_QuarterCircle_3mm.uexp" 329
"../../../Engine/Plugins/Animation/ControlRig/Content/Controls/ControlRig_QuarterCircle_1mm.ubulk" 330
"../../../Engine/Plugins/Animation/ControlRig/Content/Controls/ControlRig_QuarterCircle_1mm.uasset" 331
"../../../Engine/Plugins/Animation/ControlRig/Content/Controls/ControlRig_QuarterCircle_1mm.uexp" 332
"../../../Engine/Plugins/Animation/ControlRig/Content/Controls/ControlRig_Pyramid_solid.ubulk" 333
"../../../Engine/Plugins/Animation/ControlRig/Content/Controls/ControlRig_Pyramid_solid.uasset" 334
"../../../Engine/Plugins/Animation/ControlRig/Content/Controls/ControlRig_Pyramid_solid.uexp" 335
"../../../Engine/Plugins/Animation/ControlRig/Content/Controls/ControlRig_Pyramid_3mm.ubulk" 336
"../../../Engine/Plugins/Animation/ControlRig/Content/Controls/ControlRig_Pyramid_3mm.uasset" 337
"../../../Engine/Plugins/Animation/ControlRig/Content/Controls/ControlRig_Pyramid_3mm.uexp" 338
"../../../Engine/Plugins/Animation/ControlRig/Content/Controls/ControlRig_Pyramid_1mm.ubulk" 339
"../../../Engine/Plugins/Animation/ControlRig/Content/Controls/ControlRig_Pyramid_1mm.uasset" 340
"../../../Engine/Plugins/Animation/ControlRig/Content/Controls/ControlRig_Pyramid_1mm.uexp" 341
"../../../Engine/Plugins/Animation/ControlRig/Content/Controls/ControlRig_Octagon_solid.ubulk" 342
"../../../Engine/Plugins/Animation/ControlRig/Content/Controls/ControlRig_Octagon_solid.uasset" 343
"../../../Engine/Plugins/Animation/ControlRig/Content/Controls/ControlRig_Octagon_solid.uexp" 344
"../../../Engine/Plugins/Animation/ControlRig/Content/Controls/ControlRig_Octagon_3mm.ubulk" 345
"../../../Engine/Plugins/Animation/ControlRig/Content/Controls/ControlRig_Octagon_3mm.uasset" 346
"../../../Engine/Plugins/Animation/ControlRig/Content/Controls/ControlRig_Octagon_3mm.uexp" 347
"../../../Engine/Plugins/Animation/ControlRig/Content/Controls/ControlRig_Octagon_1mm.ubulk" 348
"../../../Engine/Plugins/Animation/ControlRig/Content/Controls/ControlRig_Octagon_1mm.uasset" 349
"../../../Engine/Plugins/Animation/ControlRig/Content/Controls/ControlRig_Octagon_1mm.uexp" 350
"../../../Engine/Plugins/Animation/ControlRig/Content/Controls/ControlRig_Hexagon_solid.ubulk" 351
"../../../Engine/Plugins/Animation/ControlRig/Content/Controls/ControlRig_Hexagon_solid.uasset" 352
"../../../Engine/Plugins/Animation/ControlRig/Content/Controls/ControlRig_Hexagon_solid.uexp" 353
"../../../Engine/Plugins/Animation/ControlRig/Content/Controls/ControlRig_Hexagon_3mm.ubulk" 354
"../../../Engine/Plugins/Animation/ControlRig/Content/Controls/ControlRig_Hexagon_3mm.uasset" 355
"../../../Engine/Plugins/Animation/ControlRig/Content/Controls/ControlRig_Hexagon_3mm.uexp" 356
"../../../Engine/Plugins/Animation/ControlRig/Content/Controls/ControlRig_Hexagon_1mm.ubulk" 357
"../../../Engine/Plugins/Animation/ControlRig/Content/Controls/ControlRig_Hexagon_1mm.uasset" 358
"../../../Engine/Plugins/Animation/ControlRig/Content/Controls/ControlRig_Hexagon_1mm.uexp" 359
"../../../Engine/Plugins/Animation/ControlRig/Content/Controls/ControlRig_HalfCircle_solid.ubulk" 360
"../../../Engine/Plugins/Animation/ControlRig/Content/Controls/ControlRig_HalfCircle_solid.uasset" 361
"../../../Engine/Plugins/Animation/ControlRig/Content/Controls/ControlRig_HalfCircle_solid.uexp" 362
"../../../Engine/Plugins/Animation/ControlRig/Content/Controls/ControlRig_HalfCircle_3mm.ubulk" 363
"../../../Engine/Plugins/Animation/ControlRig/Content/Controls/ControlRig_HalfCircle_3mm.uasset" 364
"../../../Engine/Plugins/Animation/ControlRig/Content/Controls/ControlRig_HalfCircle_3mm.uexp" 365
"../../../Engine/Plugins/Animation/ControlRig/Content/Controls/ControlRig_HalfCircle_1mm.ubulk" 366
"../../../Engine/Plugins/Animation/ControlRig/Content/Controls/ControlRig_HalfCircle_1mm.uasset" 367
"../../../Engine/Plugins/Animation/ControlRig/Content/Controls/ControlRig_HalfCircle_1mm.uexp" 368
"../../../Engine/Plugins/Animation/ControlRig/Content/Controls/ControlRig_Diamond_solid.ubulk" 369
"../../../Engine/Plugins/Animation/ControlRig/Content/Controls/ControlRig_Diamond_solid.uasset" 370
"../../../Engine/Plugins/Animation/ControlRig/Content/Controls/ControlRig_Diamond_solid.uexp" 371
"../../../Engine/Plugins/Animation/ControlRig/Content/Controls/ControlRig_Diamond_3mm.ubulk" 372
"../../../Engine/Plugins/Animation/ControlRig/Content/Controls/ControlRig_Diamond_3mm.uasset" 373
"../../../Engine/Plugins/Animation/ControlRig/Content/Controls/ControlRig_Diamond_3mm.uexp" 374
"../../../Engine/Plugins/Animation/ControlRig/Content/Controls/ControlRig_Diamond_1mm.ubulk" 375
"../../../Engine/Plugins/Animation/ControlRig/Content/Controls/ControlRig_Diamond_1mm.uasset" 376
"../../../Engine/Plugins/Animation/ControlRig/Content/Controls/ControlRig_Diamond_1mm.uexp" 377
"../../../Engine/Plugins/Animation/ControlRig/Content/Controls/ControlRig_Circle_solid.ubulk" 378
"../../../Engine/Plugins/Animation/ControlRig/Content/Controls/ControlRig_Circle_solid.uasset" 379
"../../../Engine/Plugins/Animation/ControlRig/Content/Controls/ControlRig_Circle_solid.uexp" 380
"../../../Engine/Plugins/Animation/ControlRig/Content/Controls/ControlRig_Circle_3mm.ubulk" 381
"../../../Engine/Plugins/Animation/ControlRig/Content/Controls/ControlRig_Circle_3mm.uasset" 382
"../../../Engine/Plugins/Animation/ControlRig/Content/Controls/ControlRig_Circle_3mm.uexp" 383
"../../../Engine/Plugins/Animation/ControlRig/Content/Controls/ControlRig_Circle_1mm.ubulk" 384
"../../../Engine/Plugins/Animation/ControlRig/Content/Controls/ControlRig_Circle_1mm.uasset" 385
"../../../Engine/Plugins/Animation/ControlRig/Content/Controls/ControlRig_Circle_1mm.uexp" 386
"../../../Engine/Plugins/Animation/ControlRig/Content/Controls/ControlRig_Box_solid.ubulk" 387
"../../../Engine/Plugins/Animation/ControlRig/Content/Controls/ControlRig_Box_solid.uasset" 388
"../../../Engine/Plugins/Animation/ControlRig/Content/Controls/ControlRig_Box_solid.uexp" 389
"../../../Engine/Plugins/Animation/ControlRig/Content/Controls/ControlRig_Box_3mm.ubulk" 390
"../../../Engine/Plugins/Animation/ControlRig/Content/Controls/ControlRig_Box_3mm.uasset" 391
"../../../Engine/Plugins/Animation/ControlRig/Content/Controls/ControlRig_Box_3mm.uexp" 392
"../../../Engine/Plugins/Animation/ControlRig/Content/Controls/ControlRig_Box_1mm.ubulk" 393
"../../../Engine/Plugins/Animation/ControlRig/Content/Controls/ControlRig_Box_1mm.uasset" 394
"../../../Engine/Plugins/Animation/ControlRig/Content/Controls/ControlRig_Box_1mm.uexp" 395
"../../../Engine/Plugins/Animation/ControlRig/Content/Controls/ControlRig_Arrow_solid.ubulk" 396
"../../../Engine/Plugins/Animation/ControlRig/Content/Controls/ControlRig_Arrow_solid.uasset" 397
"../../../Engine/Plugins/Animation/ControlRig/Content/Controls/ControlRig_Arrow_solid.uexp" 398
"../../../Engine/Plugins/Animation/ControlRig/Content/Controls/ControlRig_Arrow_3mm.ubulk" 399
"../../../Engine/Plugins/Animation/ControlRig/Content/Controls/ControlRig_Arrow_3mm.uasset" 400
"../../../Engine/Plugins/Animation/ControlRig/Content/Controls/ControlRig_Arrow_3mm.uexp" 401
"../../../Engine/Plugins/Animation/ControlRig/Content/Controls/ControlRig_Arrow_1mm.ubulk" 402
"../../../Engine/Plugins/Animation/ControlRig/Content/Controls/ControlRig_Arrow_1mm.uasset" 403
"../../../Engine/Plugins/Animation/ControlRig/Content/Controls/ControlRig_Arrow_1mm.uexp" 404
"../../../Engine/Plugins/Animation/ControlRig/Content/Controls/ControlRig_Arrow4_solid.ubulk" 405
"../../../Engine/Plugins/Animation/ControlRig/Content/Controls/ControlRig_Arrow4_solid.uasset" 406
"../../../Engine/Plugins/Animation/ControlRig/Content/Controls/ControlRig_Arrow4_solid.uexp" 407
"../../../Engine/Plugins/Animation/ControlRig/Content/Controls/ControlRig_Arrow4_3mm.ubulk" 408
"../../../Engine/Plugins/Animation/ControlRig/Content/Controls/ControlRig_Arrow4_3mm.uasset" 409
"../../../Engine/Plugins/Animation/ControlRig/Content/Controls/ControlRig_Arrow4_3mm.uexp" 410
"../../../Engine/Plugins/Animation/ControlRig/Content/Controls/ControlRig_Arrow4_1mm.ubulk" 411
"../../../Engine/Plugins/Animation/ControlRig/Content/Controls/ControlRig_Arrow4_1mm.uasset" 412
"../../../Engine/Plugins/Animation/ControlRig/Content/Controls/ControlRig_Arrow4_1mm.uexp" 413
"../../../Engine/Plugins/Animation/ControlRig/Content/Controls/ControlRig_Arrow2_solid.ubulk" 414
"../../../Engine/Plugins/Animation/ControlRig/Content/Controls/ControlRig_Arrow2_solid.uasset" 415
"../../../Engine/Plugins/Animation/ControlRig/Content/Controls/ControlRig_Arrow2_solid.uexp" 416
"../../../Engine/Plugins/Animation/ControlRig/Content/Controls/ControlRig_Arrow2_3mm.ubulk" 417
"../../../Engine/Plugins/Animation/ControlRig/Content/Controls/ControlRig_Arrow2_3mm.uasset" 418
"../../../Engine/Plugins/Animation/ControlRig/Content/Controls/ControlRig_Arrow2_3mm.uexp" 419
"../../../Engine/Plugins/Animation/ControlRig/Content/Controls/ControlRig_Arrow2_1mm.ubulk" 420
"../../../Engine/Plugins/Animation/ControlRig/Content/Controls/ControlRig_Arrow2_1mm.uasset" 421
"../../../Engine/Plugins/Animation/ControlRig/Content/Controls/ControlRig_Arrow2_1mm.uexp" 422
"../../../Engine/Plugins/Animation/ControlRig/Content/Controls/ControlRigXRayMaterial.uasset" 423
"../../../Engine/Plugins/Animation/ControlRig/Content/Controls/ControlRigXRayMaterial.uexp" 424
"../../../Engine/Plugins/Animation/ControlRig/Content/Controls/ControlRigGizmoMaterial.uasset" 425
"../../../Engine/Plugins/Animation/ControlRig/Content/Controls/ControlRigGizmoMaterial.uexp" 426
"../../../Engine/Content/VREditor/TransformGizmo/StartRotationHandleIndicator.ubulk" 427
"../../../Engine/Content/VREditor/TransformGizmo/StartRotationHandleIndicator.uasset" 428
"../../../Engine/Content/VREditor/TransformGizmo/StartRotationHandleIndicator.uexp" 429
"../../../Engine/Content/VREditor/Sounds/UI/Drop_Item_From_ContentBrowser.ubulk" 430
"../../../Engine/Content/VREditor/Sounds/UI/Drop_Item_From_ContentBrowser.uasset" 431
"../../../Engine/Content/VREditor/Sounds/UI/Drop_Item_From_ContentBrowser.uexp" 432
"../../../Engine/Content/VREditor/TransformGizmo/PlaneTranslationHandle.ubulk" 433
"../../../Engine/Content/VREditor/TransformGizmo/PlaneTranslationHandle.uasset" 434
"../../../Engine/Content/VREditor/TransformGizmo/PlaneTranslationHandle.uexp" 435
"../../../Engine/Content/VREditor/Sounds/UI/Object_Snaps_To_Grid.ubulk" 436
"../../../Engine/Content/VREditor/Sounds/UI/Object_Snaps_To_Grid.uasset" 437
"../../../Engine/Content/VREditor/Sounds/UI/Object_Snaps_To_Grid.uexp" 438
"../../../Engine/Content/VREditor/Sounds/UI/Selection_Changes.ubulk" 439
"../../../Engine/Content/VREditor/Sounds/UI/Selection_Changes.uasset" 440
"../../../Engine/Content/VREditor/Sounds/UI/Selection_Changes.uexp" 441
"../../../Engine/Content/VREditor/Sounds/UI/Object_Snaps_To_Another_Actor.ubulk" 442
"../../../Engine/Content/VREditor/Sounds/UI/Object_Snaps_To_Another_Actor.uasset" 443
"../../../Engine/Content/VREditor/Sounds/UI/Object_Snaps_To_Another_Actor.uexp" 444
"../../../Engine/Content/VREditor/TransformGizmo/TranslucentTransformGizmoMaterial_Inst.uasset" 445
"../../../Engine/Content/VREditor/TransformGizmo/TranslucentTransformGizmoMaterial_Inst.uexp" 446
"../../../Engine/Content/VREditor/TransformGizmo/TransformGizmoFreeRotation.ubulk" 447
"../../../Engine/Content/VREditor/TransformGizmo/TransformGizmoFreeRotation.uasset" 448
"../../../Engine/Content/VREditor/TransformGizmo/TransformGizmoFreeRotation.uexp" 449
"../../../Engine/Content/VREditor/Sounds/UI/Scaling_Down.ubulk" 450
"../../../Engine/Content/VREditor/Sounds/UI/Scaling_Down.uasset" 451
"../../../Engine/Content/VREditor/Sounds/UI/Scaling_Down.uexp" 452
"../../../Engine/Content/Functions/Engine_MaterialFunctions02/Math/Transform3x3Matrix.uasset" 453
"../../../Engine/Content/Functions/Engine_MaterialFunctions02/Math/Transform3x3Matrix.uexp" 454
"../../../Engine/Content/Functions/Engine_MaterialFunctions02/SplitComponents.uasset" 455
"../../../Engine/Content/Functions/Engine_MaterialFunctions02/SplitComponents.uexp" 456
"../../../Engine/Content/Functions/Engine_MaterialFunctions02/Utility/MakeFloat3.uasset" 457
"../../../Engine/Content/Functions/Engine_MaterialFunctions02/Utility/MakeFloat3.uexp" 458
"../../../Engine/Content/VREditor/SnapGrid/SnapGridMaterial.uasset" 459
"../../../Engine/Content/VREditor/SnapGrid/SnapGridMaterial.uexp" 460
"../../../Engine/Content/VREditor/SnapGrid/SnapGridPlaneMesh.ubulk" 461
"../../../Engine/Content/VREditor/SnapGrid/SnapGridPlaneMesh.uasset" 462
"../../../Engine/Content/VREditor/SnapGrid/SnapGridPlaneMesh.uexp" 463
"../../../Engine/Content/VREditor/Sounds/UI/Scaling_Up.ubulk" 464
"../../../Engine/Content/VREditor/Sounds/UI/Scaling_Up.uasset" 465
"../../../Engine/Content/VREditor/Sounds/UI/Scaling_Up.uexp" 466
"../../../Engine/Content/VREditor/TransformGizmo/TransformGizmoMaterial_Inst.uasset" 467
"../../../Engine/Content/VREditor/TransformGizmo/TransformGizmoMaterial_Inst.uexp" 468
"../../../Engine/Content/VREditor/Sounds/UI/Gizmo_Handle_Clicked.ubulk" 469
"../../../Engine/Content/VREditor/Sounds/UI/Gizmo_Handle_Clicked.uasset" 470
"../../../Engine/Content/VREditor/Sounds/UI/Gizmo_Handle_Clicked.uexp" 471
"../../../Engine/Content/VREditor/TransformGizmo/RotationHandleQuarter.ubulk" 472
"../../../Engine/Content/VREditor/TransformGizmo/RotationHandleQuarter.uasset" 473
"../../../Engine/Content/VREditor/TransformGizmo/RotationHandleQuarter.uexp" 474
"../../../Engine/Content/VREditor/TransformGizmo/TranslateArrowHandle.ubulk" 475
"../../../Engine/Content/VREditor/TransformGizmo/TranslateArrowHandle.uasset" 476
"../../../Engine/Content/VREditor/TransformGizmo/TranslateArrowHandle.uexp" 477
"../../../Engine/Content/VREditor/TransformGizmo/RotationHandleIndicator.ubulk" 478
"../../../Engine/Content/VREditor/TransformGizmo/RotationHandleIndicator.uasset" 479
"../../../Engine/Content/VREditor/TransformGizmo/RotationHandleIndicator.uexp" 480
"../../../Engine/Content/VREditor/TransformGizmo/UniformScaleHandle.ubulk" 481
"../../../Engine/Content/VREditor/TransformGizmo/UniformScaleHandle.uasset" 482
"../../../Engine/Content/VREditor/TransformGizmo/UniformScaleHandle.uexp" 483
"../../../Engine/Content/VREditor/TransformGizmo/RotationHandleFull.ubulk" 484
"../../../Engine/Content/VREditor/TransformGizmo/RotationHandleFull.uasset" 485
"../../../Engine/Content/VREditor/TransformGizmo/RotationHandleFull.uexp" 486
"../../../Engine/Content/VREditor/Sounds/UI/Object_PickUp.ubulk" 487
"../../../Engine/Content/VREditor/Sounds/UI/Object_PickUp.uasset" 488
"../../../Engine/Content/VREditor/Sounds/UI/Object_PickUp.uexp" 489
"../../../Engine/Content/EngineSounds/Master.uasset" 490
"../../../Engine/Content/EngineSounds/Master.uexp" 491
"../../../Engine/Content/EngineResources/WhiteSquareTexture.uasset" 492
"../../../Engine/Content/EngineResources/WhiteSquareTexture.uexp" 493
"../../../Engine/Content/EngineMaterials/Widget3DPassThrough.uasset" 494
"../../../Engine/Content/EngineMaterials/Widget3DPassThrough.uexp" 495
"../../../Engine/Content/EngineMaterials/Widget3DPassThrough_Translucent.uasset" 496
"../../../Engine/Content/EngineMaterials/Widget3DPassThrough_Translucent.uexp" 497
"../../../Engine/Content/EngineMaterials/Widget3DPassThrough_Translucent_OneSided.uasset" 498
"../../../Engine/Content/EngineMaterials/Widget3DPassThrough_Translucent_OneSided.uexp" 499
"../../../Engine/Content/EngineMaterials/Widget3DPassThrough_Opaque.uasset" 500
"../../../Engine/Content/EngineMaterials/Widget3DPassThrough_Opaque.uexp" 501
"../../../Engine/Content/EngineMaterials/Widget3DPassThrough_Opaque_OneSided.uasset" 502
"../../../Engine/Content/EngineMaterials/Widget3DPassThrough_Opaque_OneSided.uexp" 503
"../../../Engine/Content/EngineMaterials/Widget3DPassThrough_Masked_OneSided.uasset" 504
"../../../Engine/Content/EngineMaterials/Widget3DPassThrough_Masked_OneSided.uexp" 505
"../../../Engine/Content/EngineMaterials/Widget3DPassThrough_Masked.uasset" 506
"../../../Engine/Content/EngineMaterials/Widget3DPassThrough_Masked.uexp" 507
"../../../Engine/Content/EngineMaterials/STBlueNoise_vec2_128x128x64.uasset" 508
"../../../Engine/Content/EngineMaterials/STBlueNoise_vec2_128x128x64.uexp" 509
"../../../Engine/Content/EngineMaterials/STBlueNoise_scalar_128x128x64.uasset" 510
"../../../Engine/Content/EngineMaterials/STBlueNoise_scalar_128x128x64.uexp" 511
"../../../Engine/Content/EngineMaterials/RemoveSurfaceMaterial.uasset" 512
"../../../Engine/Content/EngineMaterials/RemoveSurfaceMaterial.uexp" 513
"../../../Engine/Content/EngineMaterials/DefaultCalibrationGrayscale.uasset" 514
"../../../Engine/Content/EngineMaterials/DefaultCalibrationGrayscale.uexp" 515
"../../../Engine/Content/EngineMaterials/PPM_DefaultCalibrationGrayscale.uasset" 516
"../../../Engine/Content/EngineMaterials/PPM_DefaultCalibrationGrayscale.uexp" 517
"../../../Engine/Content/EngineMaterials/DefaultCalibrationColor.uasset" 518
"../../../Engine/Content/EngineMaterials/DefaultCalibrationColor.uexp" 519
"../../../Engine/Content/EngineMaterials/PPM_DefaultCalibrationColor.uasset" 520
"../../../Engine/Content/EngineMaterials/PPM_DefaultCalibrationColor.uexp" 521
"../../../Engine/Content/EngineMaterials/PhAT_JointLimitMaterial.uasset" 522
"../../../Engine/Content/EngineMaterials/PhAT_JointLimitMaterial.uexp" 523
"../../../Engine/Content/EngineMaterials/NaniteHiddenSectionMaterial.uasset" 524
"../../../Engine/Content/EngineMaterials/NaniteHiddenSectionMaterial.uexp" 525
"../../../Engine/Content/EngineMaterials/InvalidLightmapSettings.ubulk" 526
"../../../Engine/Content/EngineMaterials/InvalidLightmapSettings.uasset" 527
"../../../Engine/Content/EngineMaterials/InvalidLightmapSettings.uexp" 528
"../../../Engine/Content/EngineMaterials/M_InvalidLightmapSettings.uasset" 529
"../../../Engine/Content/EngineMaterials/M_InvalidLightmapSettings.uexp" 530
"../../../Engine/Content/EngineMaterials/GizmoMaterial.uasset" 531
"../../../Engine/Content/EngineMaterials/GizmoMaterial.uexp" 532
"../../../Engine/Content/EngineMaterials/BaseFlattenEmissiveMap_VT.ubulk" 533
"../../../Engine/Content/EngineMaterials/BaseFlattenEmissiveMap_VT.uasset" 534
"../../../Engine/Content/EngineMaterials/BaseFlattenEmissiveMap_VT.uexp" 535
"../../../Engine/Content/EngineMaterials/BaseFlattenGrayscaleMap_VT.ubulk" 536
"../../../Engine/Content/EngineMaterials/BaseFlattenGrayscaleMap_VT.uasset" 537
"../../../Engine/Content/EngineMaterials/BaseFlattenGrayscaleMap_VT.uexp" 538
"../../../Engine/Content/EngineMaterials/BaseFlattenLinearColor_VT.ubulk" 539
"../../../Engine/Content/EngineMaterials/BaseFlattenLinearColor_VT.uasset" 540
"../../../Engine/Content/EngineMaterials/BaseFlattenLinearColor_VT.uexp" 541
"../../../Engine/Content/EngineMaterials/Black_1x1_EXR_Texture_VT.ubulk" 542
"../../../Engine/Content/EngineMaterials/Black_1x1_EXR_Texture_VT.uasset" 543
"../../../Engine/Content/EngineMaterials/Black_1x1_EXR_Texture_VT.uexp" 544
"../../../Engine/Content/EngineMaterials/BaseFlattenDiffuseMap_VT.ubulk" 545
"../../../Engine/Content/EngineMaterials/BaseFlattenDiffuseMap_VT.uasset" 546
"../../../Engine/Content/EngineMaterials/BaseFlattenDiffuseMap_VT.uexp" 547
"../../../Engine/Content/EngineMaterials/BaseFlattenNormalMap_VT.ubulk" 548
"../../../Engine/Content/EngineMaterials/BaseFlattenNormalMap_VT.uasset" 549
"../../../Engine/Content/EngineMaterials/BaseFlattenNormalMap_VT.uexp" 550
"../../../Engine/Content/EngineMaterials/FlattenMaterial_WS_Normal_VT.uasset" 551
"../../../Engine/Content/EngineMaterials/FlattenMaterial_WS_Normal_VT.uexp" 552
"../../../Engine/Content/EngineMaterials/FlattenMaterial_VT.uasset" 553
"../../../Engine/Content/EngineMaterials/FlattenMaterial_VT.uexp" 554
"../../../Engine/Content/EngineMaterials/BaseFlattenNormalMap.uasset" 555
"../../../Engine/Content/EngineMaterials/BaseFlattenNormalMap.uexp" 556
"../../../Engine/Content/EngineMaterials/BaseFlattenGrayscaleMap.uasset" 557
"../../../Engine/Content/EngineMaterials/BaseFlattenGrayscaleMap.uexp" 558
"../../../Engine/Content/EngineMaterials/BaseFlattenDiffuseMap.uasset" 559
"../../../Engine/Content/EngineMaterials/BaseFlattenDiffuseMap.uexp" 560
"../../../Engine/Content/Functions/Engine_MaterialFunctions02/PivotPainter2/Black_1x1_EXR_Texture.uasset" 561
"../../../Engine/Content/Functions/Engine_MaterialFunctions02/PivotPainter2/Black_1x1_EXR_Texture.uexp" 562
"../../../Engine/Content/EngineMaterials/BaseFlattenEmissiveMap.uasset" 563
"../../../Engine/Content/EngineMaterials/BaseFlattenEmissiveMap.uexp" 564
"../../../Engine/Content/EngineMaterials/BaseFlattenLinearColor.uasset" 565
"../../../Engine/Content/EngineMaterials/BaseFlattenLinearColor.uexp" 566
"../../../Engine/Content/EngineMaterials/FlattenMaterial.uasset" 567
"../../../Engine/Content/EngineMaterials/FlattenMaterial.uexp" 568
"../../../Engine/Content/EngineMaterials/DefaultWhiteGrid_Low.uasset" 569
"../../../Engine/Content/EngineMaterials/DefaultWhiteGrid_Low.uexp" 570
"../../../Engine/Content/EngineMaterials/EmissiveMeshMaterial.uasset" 571
"../../../Engine/Content/EngineMaterials/EmissiveMeshMaterial.uexp" 572
"../../../Engine/Content/EngineFonts/RobotoDistanceField.uasset" 573
"../../../Engine/Content/EngineFonts/RobotoDistanceField.uexp" 574
"../../../Engine/Content/EngineMaterials/DefaultTextMaterialOpaque.uasset" 575
"../../../Engine/Content/EngineMaterials/DefaultTextMaterialOpaque.uexp" 576
"../../../Engine/Content/EngineMaterials/DefaultDiffuse.ubulk" 577
"../../../Engine/Content/EngineMaterials/DefaultDiffuse.uasset" 578
"../../../Engine/Content/EngineMaterials/DefaultDiffuse.uexp" 579
"../../../Engine/Content/Functions/Engine_MaterialFunctions02/Utility/BreakOutFloat2Components.uasset" 580
"../../../Engine/Content/Functions/Engine_MaterialFunctions02/Utility/BreakOutFloat2Components.uexp" 581
"../../../Engine/Content/EngineMaterials/DefaultPostProcessMaterial.uasset" 582
"../../../Engine/Content/EngineMaterials/DefaultPostProcessMaterial.uexp" 583
"../../../Engine/Content/EngineMaterials/DefaultPhysicalMaterial.uasset" 584
"../../../Engine/Content/EngineMaterials/DefaultPhysicalMaterial.uexp" 585
"../../../Engine/Content/EngineMaterials/DefaultLightFunctionMaterial.uasset" 586
"../../../Engine/Content/EngineMaterials/DefaultLightFunctionMaterial.uexp" 587
"../../../Engine/Content/EngineMaterials/DefaultDestructiblePhysicalMaterial.uasset" 588
"../../../Engine/Content/EngineMaterials/DefaultDestructiblePhysicalMaterial.uexp" 589
"../../../Engine/Content/EngineMaterials/DefaultDeferredDecalMaterial.uasset" 590
"../../../Engine/Content/EngineMaterials/DefaultDeferredDecalMaterial.uexp" 591
"../../../Engine/Content/EngineMaterials/DefaultBloomKernel.uasset" 592
"../../../Engine/Content/EngineMaterials/DefaultBloomKernel.uexp" 593
"../../../Engine/Content/EngineFonts/Faces/RobotoLight.uexp" 594
"../../../Engine/Content/EngineFonts/Faces/RobotoLight.uasset" 595
"../../../Engine/Content/EngineFonts/Faces/RobotoLight.ufont" 596
"../../../Engine/Content/EngineFonts/Faces/RobotoBold.uexp" 597
"../../../Engine/Content/EngineFonts/Faces/RobotoBold.uasset" 598
"../../../Engine/Content/EngineFonts/Faces/RobotoBold.ufont" 599
"../../../Engine/Content/EngineFonts/Faces/RobotoRegular.uexp" 600
"../../../Engine/Content/EngineFonts/Faces/RobotoRegular.uasset" 601
"../../../Engine/Content/EngineFonts/Faces/RobotoRegular.ufont" 602
"../../../Engine/Content/EngineFonts/Faces/DroidSansFallback.uexp" 603
"../../../Engine/Content/EngineFonts/Faces/DroidSansFallback.uasset" 604
"../../../Engine/Content/EngineFonts/Faces/DroidSansFallback.ufont" 605
"../../../Engine/Content/EngineFonts/Faces/RobotoItalic.uexp" 606
"../../../Engine/Content/EngineFonts/Faces/RobotoItalic.uasset" 607
"../../../Engine/Content/EngineFonts/Faces/RobotoItalic.ufont" 608
"../../../Engine/Content/EngineFonts/Faces/RobotoBoldItalic.uexp" 609
"../../../Engine/Content/EngineFonts/Faces/RobotoBoldItalic.uasset" 610
"../../../Engine/Content/EngineFonts/Faces/RobotoBoldItalic.ufont" 611
"../../../Engine/Content/EngineFonts/Roboto.uasset" 612
"../../../Engine/Content/EngineFonts/Roboto.uexp" 613
"../../../Engine/Content/EngineDebugMaterials/VolumeToRender.uasset" 614
"../../../Engine/Content/EngineDebugMaterials/VolumeToRender.uexp" 615
"../../../Engine/Content/EngineDebugMaterials/M_VolumeRenderSphereTracePP.uasset" 616
"../../../Engine/Content/EngineDebugMaterials/M_VolumeRenderSphereTracePP.uexp" 617
"../../../Engine/Content/EngineDebugMaterials/M_SimpleUnlitTranslucent.uasset" 618
"../../../Engine/Content/EngineDebugMaterials/M_SimpleUnlitTranslucent.uexp" 619
"../../../Engine/Content/EngineDebugMaterials/DebugMeshMaterial.uasset" 620
"../../../Engine/Content/EngineDebugMaterials/DebugMeshMaterial.uexp" 621
"../../../Engine/Content/EngineDebugMaterials/DebugEditorMaterial.uasset" 622
"../../../Engine/Content/EngineDebugMaterials/DebugEditorMaterial.uexp" 623
"../../../Engine/Content/EngineDamageTypes/DmgTypeBP_Environmental.uasset" 624
"../../../Engine/Content/EngineDamageTypes/DmgTypeBP_Environmental.uexp" 625
"../../../Engine/Content/EditorResources/S_Terrain.ubulk" 626
"../../../Engine/Content/EditorResources/S_Terrain.uasset" 627
"../../../Engine/Content/EditorResources/S_Terrain.uexp" 628
"../../../Engine/Content/EditorResources/EmptyActor.uasset" 629
"../../../Engine/Content/EditorResources/EmptyActor.uexp" 630
"../../../Engine/Content/EditorResources/BSPVertex.uasset" 631
"../../../Engine/Content/EditorResources/BSPVertex.uexp" 632
"../../../Engine/Content/EditorMaterials/PreviewShadowIndicator.ubulk" 633
"../../../Engine/Content/EditorMaterials/PreviewShadowIndicator.uasset" 634
"../../../Engine/Content/EditorMaterials/PreviewShadowIndicator.uexp" 635
"../../../Engine/Content/EditorMaterials/PreviewShadowIndicatorMaterial.uasset" 636
"../../../Engine/Content/EditorMaterials/PreviewShadowIndicatorMaterial.uexp" 637
"../../../Engine/Content/EditorMaterials/PhAT_UnselectedMaterial.uasset" 638
"../../../Engine/Content/EditorMaterials/PhAT_UnselectedMaterial.uexp" 639
"../../../Engine/Content/EditorMaterials/PhAT_NoCollisionMaterial.uasset" 640
"../../../Engine/Content/EditorMaterials/PhAT_NoCollisionMaterial.uexp" 641
"../../../Engine/Content/EditorLandscapeResources/DefaultAlphaTexture.uasset" 642
"../../../Engine/Content/EditorLandscapeResources/DefaultAlphaTexture.uexp" 643
"../../../Engine/Content/EditorLandscapeResources/DataLayer.uasset" 644
"../../../Engine/Content/EditorLandscapeResources/DataLayer.uexp" 645
"../../../Engine/Content/EngineMaterials/DefaultMaterial.uasset" 646
"../../../Engine/Content/EngineMaterials/DefaultMaterial.uexp" 647
"../../../Engine/Content/BasicShapes/Sphere.ubulk" 648
"../../../Engine/Content/BasicShapes/Sphere.uasset" 649
"../../../Engine/Content/BasicShapes/Sphere.uexp" 650
"../../../Engine/Content/BasicShapes/Cube.ubulk" 651
"../../../Engine/Content/BasicShapes/Cube.uasset" 652
"../../../Engine/Content/BasicShapes/Cube.uexp" 653
"../../../Engine/Content/BasicShapes/Cone.ubulk" 654
"../../../Engine/Content/BasicShapes/Cone.uasset" 655
"../../../Engine/Content/BasicShapes/Cone.uexp" 656
"../../../Engine/Content/MobileResources/HUD/VirtualJoystick_Background.uasset" 657
"../../../Engine/Content/MobileResources/HUD/VirtualJoystick_Background.uexp" 658
"../../../Engine/Content/MobileResources/HUD/VirtualJoystick_Thumb.uasset" 659
"../../../Engine/Content/MobileResources/HUD/VirtualJoystick_Thumb.uexp" 660
"C:/Users/aherr/Documents/Unreal Projects/ProjectZomb/Content/FirstPerson/Input/MobileControls.uasset" 661
"C:/Users/aherr/Documents/Unreal Projects/ProjectZomb/Content/FirstPerson/Input/MobileControls.uexp" 662
"C:/Users/aherr/Documents/Unreal Projects/ProjectZomb/Content/FirstPerson/Input/Actions/IA_Look.uasset" 663
"C:/Users/aherr/Documents/Unreal Projects/ProjectZomb/Content/FirstPerson/Input/Actions/IA_Look.uexp" 664
"C:/Users/aherr/Documents/Unreal Projects/ProjectZomb/Content/FirstPerson/Input/Actions/IA_Pause.uasset" 665
"C:/Users/aherr/Documents/Unreal Projects/ProjectZomb/Content/FirstPerson/Input/Actions/IA_Pause.uexp" 666
"C:/Users/aherr/Documents/Unreal Projects/ProjectZomb/Content/FirstPerson/Input/Actions/IA_Move.uasset" 667
"C:/Users/aherr/Documents/Unreal Projects/ProjectZomb/Content/FirstPerson/Input/Actions/IA_Move.uexp" 668
"C:/Users/aherr/Documents/Unreal Projects/ProjectZomb/Content/FirstPerson/Input/Actions/IA_ADS.uasset" 669
"C:/Users/aherr/Documents/Unreal Projects/ProjectZomb/Content/FirstPerson/Input/Actions/IA_ADS.uexp" 670
"C:/Users/aherr/Documents/Unreal Projects/ProjectZomb/Content/FirstPerson/Input/Actions/IA_Interact.uasset" 671
"C:/Users/aherr/Documents/Unreal Projects/ProjectZomb/Content/FirstPerson/Input/Actions/IA_Interact.uexp" 672
"C:/Users/aherr/Documents/Unreal Projects/ProjectZomb/Content/FirstPerson/Input/Actions/IA_Jump.uasset" 673
"C:/Users/aherr/Documents/Unreal Projects/ProjectZomb/Content/FirstPerson/Input/Actions/IA_Jump.uexp" 674
"C:/Users/aherr/Documents/Unreal Projects/ProjectZomb/Content/FirstPerson/Input/IMC_Default.uasset" 675
"C:/Users/aherr/Documents/Unreal Projects/ProjectZomb/Content/FirstPerson/Input/IMC_Default.uexp" 676
"C:/Users/aherr/Documents/Unreal Projects/ProjectZomb/Content/FirstPerson/Blueprints/BP_FirstPersonPlayerController.uasset" 677
"C:/Users/aherr/Documents/Unreal Projects/ProjectZomb/Content/FirstPerson/Blueprints/BP_FirstPersonPlayerController.uexp" 678
"C:/Users/aherr/Documents/Unreal Projects/ProjectZomb/Content/Blueprint/SceneActors/BPI_Door.uasset" 679
"C:/Users/aherr/Documents/Unreal Projects/ProjectZomb/Content/Blueprint/SceneActors/BPI_Door.uexp" 680
"C:/Users/aherr/Documents/Unreal Projects/ProjectZomb/Content/Blueprint/WeaponBlueprints/E_Weapons.uasset" 681
"C:/Users/aherr/Documents/Unreal Projects/ProjectZomb/Content/Blueprint/WeaponBlueprints/E_Weapons.uexp" 682
"../../../Engine/Content/BasicShapes/Plane.ubulk" 683
"../../../Engine/Content/BasicShapes/Plane.uasset" 684
"../../../Engine/Content/BasicShapes/Plane.uexp" 685
"../../../Engine/Content/BasicShapes/BasicShapeMaterial.uasset" 686
"../../../Engine/Content/BasicShapes/BasicShapeMaterial.uexp" 687
"C:/Users/aherr/Documents/Unreal Projects/ProjectZomb/Content/Blueprint/SceneActors/BP_WallWeapon.uasset" 688
"C:/Users/aherr/Documents/Unreal Projects/ProjectZomb/Content/Blueprint/SceneActors/BP_WallWeapon.uexp" 689
"C:/Users/aherr/Documents/Unreal Projects/ProjectZomb/Content/FirstPersonArms/Character/Textures/Manny/T_Manny_02_N.ubulk" 690
"C:/Users/aherr/Documents/Unreal Projects/ProjectZomb/Content/FirstPersonArms/Character/Textures/Manny/T_Manny_02_N.uasset" 691
"C:/Users/aherr/Documents/Unreal Projects/ProjectZomb/Content/FirstPersonArms/Character/Textures/Manny/T_Manny_02_N.uexp" 692
"C:/Users/aherr/Documents/Unreal Projects/ProjectZomb/Content/FirstPersonArms/Character/Textures/Manny/T_Manny_02_BN.ubulk" 693
"C:/Users/aherr/Documents/Unreal Projects/ProjectZomb/Content/FirstPersonArms/Character/Textures/Manny/T_Manny_02_BN.uasset" 694
"C:/Users/aherr/Documents/Unreal Projects/ProjectZomb/Content/FirstPersonArms/Character/Textures/Manny/T_Manny_02_BN.uexp" 695
"C:/Users/aherr/Documents/Unreal Projects/ProjectZomb/Content/FirstPersonArms/Character/Textures/Manny/T_Manny_02_ASAOPMASK_MSK.ubulk" 696
"C:/Users/aherr/Documents/Unreal Projects/ProjectZomb/Content/FirstPersonArms/Character/Textures/Manny/T_Manny_02_ASAOPMASK_MSK.uasset" 697
"C:/Users/aherr/Documents/Unreal Projects/ProjectZomb/Content/FirstPersonArms/Character/Textures/Manny/T_Manny_02_ASAOPMASK_MSK.uexp" 698
"C:/Users/aherr/Documents/Unreal Projects/ProjectZomb/Content/FirstPersonArms/Character/Textures/Manny/T_Manny_01_ASAOPMASK_MSK.ubulk" 699
"C:/Users/aherr/Documents/Unreal Projects/ProjectZomb/Content/FirstPersonArms/Character/Textures/Manny/T_Manny_01_ASAOPMASK_MSK.uasset" 700
"C:/Users/aherr/Documents/Unreal Projects/ProjectZomb/Content/FirstPersonArms/Character/Textures/Manny/T_Manny_01_ASAOPMASK_MSK.uexp" 701
"C:/Users/aherr/Documents/Unreal Projects/ProjectZomb/Content/FirstPersonArms/Character/Textures/Manny/T_Manny_01_CCRCCPlastic_MSK.ubulk" 702
"C:/Users/aherr/Documents/Unreal Projects/ProjectZomb/Content/FirstPersonArms/Character/Textures/Manny/T_Manny_01_CCRCCPlastic_MSK.uasset" 703
"C:/Users/aherr/Documents/Unreal Projects/ProjectZomb/Content/FirstPersonArms/Character/Textures/Manny/T_Manny_01_CCRCCPlastic_MSK.uexp" 704
"C:/Users/aherr/Documents/Unreal Projects/ProjectZomb/Content/FirstPersonArms/Character/Textures/Manny/T_Manny_01_Tan.ubulk" 705
"C:/Users/aherr/Documents/Unreal Projects/ProjectZomb/Content/FirstPersonArms/Character/Textures/Manny/T_Manny_01_Tan.uasset" 706
"C:/Users/aherr/Documents/Unreal Projects/ProjectZomb/Content/FirstPersonArms/Character/Textures/Manny/T_Manny_01_Tan.uexp" 707
"C:/Users/aherr/Documents/Unreal Projects/ProjectZomb/Content/FirstPersonArms/Character/Textures/Manny/T_Manny_01_BN.ubulk" 708
"C:/Users/aherr/Documents/Unreal Projects/ProjectZomb/Content/FirstPersonArms/Character/Textures/Manny/T_Manny_01_BN.uasset" 709
"C:/Users/aherr/Documents/Unreal Projects/ProjectZomb/Content/FirstPersonArms/Character/Textures/Manny/T_Manny_01_BN.uexp" 710
"C:/Users/aherr/Documents/Unreal Projects/ProjectZomb/Content/FirstPersonArms/Character/Textures/Manny/T_Manny_01_MSR_MSK.ubulk" 711
"C:/Users/aherr/Documents/Unreal Projects/ProjectZomb/Content/FirstPersonArms/Character/Textures/Manny/T_Manny_01_MSR_MSK.uasset" 712
"C:/Users/aherr/Documents/Unreal Projects/ProjectZomb/Content/FirstPersonArms/Character/Textures/Manny/T_Manny_01_MSR_MSK.uexp" 713
"C:/Users/aherr/Documents/Unreal Projects/ProjectZomb/Content/FirstPersonArms/Character/Textures/Manny/T_Manny_01_N.ubulk" 714
"C:/Users/aherr/Documents/Unreal Projects/ProjectZomb/Content/FirstPersonArms/Character/Textures/Manny/T_Manny_01_N.uasset" 715
"C:/Users/aherr/Documents/Unreal Projects/ProjectZomb/Content/FirstPersonArms/Character/Textures/Manny/T_Manny_01_N.uexp" 716
"C:/Users/aherr/Documents/Unreal Projects/ProjectZomb/Content/FirstPersonArms/Character/Textures/Manny/T_Manny_01_D.ubulk" 717
"C:/Users/aherr/Documents/Unreal Projects/ProjectZomb/Content/FirstPersonArms/Character/Textures/Manny/T_Manny_01_D.uasset" 718
"C:/Users/aherr/Documents/Unreal Projects/ProjectZomb/Content/FirstPersonArms/Character/Textures/Manny/T_Manny_01_D.uexp" 719
"C:/Users/aherr/Documents/Unreal Projects/ProjectZomb/Content/FirstPersonArms/Character/Materials/Functions/ChromaticCurve.uasset" 720
"C:/Users/aherr/Documents/Unreal Projects/ProjectZomb/Content/FirstPersonArms/Character/Materials/Functions/ChromaticCurve.uexp" 721
"C:/Users/aherr/Documents/Unreal Projects/ProjectZomb/Content/FirstPersonArms/Character/Materials/Functions/CA_Mannequin.uasset" 722
"C:/Users/aherr/Documents/Unreal Projects/ProjectZomb/Content/FirstPersonArms/Character/Materials/Functions/CA_Mannequin.uexp" 723
"C:/Users/aherr/Documents/Unreal Projects/ProjectZomb/Content/FirstPersonArms/Character/Materials/Functions/MF_Diffraction.uasset" 724
"C:/Users/aherr/Documents/Unreal Projects/ProjectZomb/Content/FirstPersonArms/Character/Materials/Functions/MF_Diffraction.uexp" 725
"../../../Engine/Content/Functions/Engine_MaterialFunctions01/Texturing/ScaleUVsByCenter.uasset" 726
"../../../Engine/Content/Functions/Engine_MaterialFunctions01/Texturing/ScaleUVsByCenter.uexp" 727
"C:/Users/aherr/Documents/Unreal Projects/ProjectZomb/Content/FirstPersonArms/Character/Textures/Shared/T_UE_Logo_M.uasset" 728
"C:/Users/aherr/Documents/Unreal Projects/ProjectZomb/Content/FirstPersonArms/Character/Textures/Shared/T_UE_Logo_M.uexp" 729
"C:/Users/aherr/Documents/Unreal Projects/ProjectZomb/Content/FirstPersonArms/Character/Materials/Functions/MF_logo3layers.uasset" 730
"C:/Users/aherr/Documents/Unreal Projects/ProjectZomb/Content/FirstPersonArms/Character/Materials/Functions/MF_logo3layers.uexp" 731
"C:/Users/aherr/Documents/Unreal Projects/ProjectZomb/Content/FirstPersonArms/Character/Materials/Functions/ML_BaseColorFallOff.uasset" 732
"C:/Users/aherr/Documents/Unreal Projects/ProjectZomb/Content/FirstPersonArms/Character/Materials/Functions/ML_BaseColorFallOff.uexp" 733
"C:/Users/aherr/Documents/Unreal Projects/ProjectZomb/Content/FirstPersonArms/Character/Materials/M_Mannequin.uasset" 734
"C:/Users/aherr/Documents/Unreal Projects/ProjectZomb/Content/FirstPersonArms/Character/Materials/M_Mannequin.uexp" 735
"C:/Users/aherr/Documents/Unreal Projects/ProjectZomb/Content/FirstPersonArms/Character/Materials/Instances/Manny/MI_Manny_01.uasset" 736
"C:/Users/aherr/Documents/Unreal Projects/ProjectZomb/Content/FirstPersonArms/Character/Materials/Instances/Manny/MI_Manny_01.uexp" 737
"C:/Users/aherr/Documents/Unreal Projects/ProjectZomb/Content/FirstPersonArms/Character/Textures/Manny/T_Manny_02_CCRCCPlastic_MSK.ubulk" 738
"C:/Users/aherr/Documents/Unreal Projects/ProjectZomb/Content/FirstPersonArms/Character/Textures/Manny/T_Manny_02_CCRCCPlastic_MSK.uasset" 739
"C:/Users/aherr/Documents/Unreal Projects/ProjectZomb/Content/FirstPersonArms/Character/Textures/Manny/T_Manny_02_CCRCCPlastic_MSK.uexp" 740
"C:/Users/aherr/Documents/Unreal Projects/ProjectZomb/Content/FirstPersonArms/Character/Textures/Manny/T_Manny_02_MSR_MSK.ubulk" 741
"C:/Users/aherr/Documents/Unreal Projects/ProjectZomb/Content/FirstPersonArms/Character/Textures/Manny/T_Manny_02_MSR_MSK.uasset" 742
"C:/Users/aherr/Documents/Unreal Projects/ProjectZomb/Content/FirstPersonArms/Character/Textures/Manny/T_Manny_02_MSR_MSK.uexp" 743
"C:/Users/aherr/Documents/Unreal Projects/ProjectZomb/Content/FirstPersonArms/Character/Textures/Manny/T_Manny_02_D.ubulk" 744
"C:/Users/aherr/Documents/Unreal Projects/ProjectZomb/Content/FirstPersonArms/Character/Textures/Manny/T_Manny_02_D.uasset" 745
"C:/Users/aherr/Documents/Unreal Projects/ProjectZomb/Content/FirstPersonArms/Character/Textures/Manny/T_Manny_02_D.uexp" 746
"C:/Users/aherr/Documents/Unreal Projects/ProjectZomb/Content/FirstPersonArms/Character/Textures/Manny/T_Manny_02_Tan.ubulk" 747
"C:/Users/aherr/Documents/Unreal Projects/ProjectZomb/Content/FirstPersonArms/Character/Textures/Manny/T_Manny_02_Tan.uasset" 748
"C:/Users/aherr/Documents/Unreal Projects/ProjectZomb/Content/FirstPersonArms/Character/Textures/Manny/T_Manny_02_Tan.uexp" 749
"C:/Users/aherr/Documents/Unreal Projects/ProjectZomb/Content/FirstPersonArms/Character/Materials/Instances/Manny/MI_Manny_02.uasset" 750
"C:/Users/aherr/Documents/Unreal Projects/ProjectZomb/Content/FirstPersonArms/Character/Materials/Instances/Manny/MI_Manny_02.uexp" 751
"C:/Users/aherr/Documents/Unreal Projects/ProjectZomb/Content/FirstPersonArms/Character/Mesh/SK_Mannequin_Arms_PhysicsAsset.uasset" 752
"C:/Users/aherr/Documents/Unreal Projects/ProjectZomb/Content/FirstPersonArms/Character/Mesh/SK_Mannequin_Arms_PhysicsAsset.uexp" 753
"C:/Users/aherr/Documents/Unreal Projects/ProjectZomb/Content/FirstPersonArms/Character/Mesh/SK_Mannequin_Arms_Skeleton.uasset" 754
"C:/Users/aherr/Documents/Unreal Projects/ProjectZomb/Content/FirstPersonArms/Character/Mesh/SK_Mannequin_Arms_Skeleton.uexp" 755
"C:/Users/aherr/Documents/Unreal Projects/ProjectZomb/Content/FirstPersonArms/Character/Mesh/SK_Mannequin_Arms.uasset" 756
"C:/Users/aherr/Documents/Unreal Projects/ProjectZomb/Content/FirstPersonArms/Character/Mesh/SK_Mannequin_Arms.uexp" 757
"C:/Users/aherr/Documents/Unreal Projects/ProjectZomb/Content/Blueprint/Widgets/W_PlayerUI.uasset" 758
"C:/Users/aherr/Documents/Unreal Projects/ProjectZomb/Content/Blueprint/Widgets/W_PlayerUI.uexp" 759
"C:/Users/aherr/Documents/Unreal Projects/ProjectZomb/Content/FirstPerson/Blueprints/BPI_PlayerCharacter.uasset" 760
"C:/Users/aherr/Documents/Unreal Projects/ProjectZomb/Content/FirstPerson/Blueprints/BPI_PlayerCharacter.uexp" 761
"C:/Users/aherr/Documents/Unreal Projects/ProjectZomb/Content/Blueprint/SceneActors/BP_Door.uasset" 762
"C:/Users/aherr/Documents/Unreal Projects/ProjectZomb/Content/Blueprint/SceneActors/BP_Door.uexp" 763
"../../../Engine/Content/Animation/DefaultAnimCurveCompressionSettings.uasset" 764
"../../../Engine/Content/Animation/DefaultAnimCurveCompressionSettings.uexp" 765
"../../../Engine/Content/Animation/DefaultAnimBoneCompressionSettings.uasset" 766
"../../../Engine/Content/Animation/DefaultAnimBoneCompressionSettings.uexp" 767
"C:/Users/aherr/Documents/Unreal Projects/ProjectZomb/Content/FirstPersonArms/Animations/FP_Rifle_Idle.uasset" 768
"C:/Users/aherr/Documents/Unreal Projects/ProjectZomb/Content/FirstPersonArms/Animations/FP_Rifle_Idle.uexp" 769
"C:/Users/aherr/Documents/Unreal Projects/ProjectZomb/Content/FirstPersonArms/Animations/FP_Rifle_Land.uasset" 770
"C:/Users/aherr/Documents/Unreal Projects/ProjectZomb/Content/FirstPersonArms/Animations/FP_Rifle_Land.uexp" 771
"C:/Users/aherr/Documents/Unreal Projects/ProjectZomb/Content/FirstPersonArms/Animations/FP_Rifle_Run.uasset" 772
"C:/Users/aherr/Documents/Unreal Projects/ProjectZomb/Content/FirstPersonArms/Animations/FP_Rifle_Run.uexp" 773
"C:/Users/aherr/Documents/Unreal Projects/ProjectZomb/Content/FirstPersonArms/Animations/FP_Rifle_Falling.uasset" 774
"C:/Users/aherr/Documents/Unreal Projects/ProjectZomb/Content/FirstPersonArms/Animations/FP_Rifle_Falling.uexp" 775
"../../../Engine/Content/Animation/DefaultRecorderBoneCompression.uasset" 776
"../../../Engine/Content/Animation/DefaultRecorderBoneCompression.uexp" 777
"C:/Users/aherr/Documents/Unreal Projects/ProjectZomb/Content/FirstPersonArms/Animations/FP_Idle.uasset" 778
"C:/Users/aherr/Documents/Unreal Projects/ProjectZomb/Content/FirstPersonArms/Animations/FP_Idle.uexp" 779
"C:/Users/aherr/Documents/Unreal Projects/ProjectZomb/Content/FirstPersonArms/Animations/FP_Jump.uasset" 780
"C:/Users/aherr/Documents/Unreal Projects/ProjectZomb/Content/FirstPersonArms/Animations/FP_Jump.uexp" 781
"C:/Users/aherr/Documents/Unreal Projects/ProjectZomb/Content/FirstPersonArms/Animations/FP_Run_Fwd.uasset" 782
"C:/Users/aherr/Documents/Unreal Projects/ProjectZomb/Content/FirstPersonArms/Animations/FP_Run_Fwd.uexp" 783
"C:/Users/aherr/Documents/Unreal Projects/ProjectZomb/Content/FirstPersonArms/Animations/FP_Land.uasset" 784
"C:/Users/aherr/Documents/Unreal Projects/ProjectZomb/Content/FirstPersonArms/Animations/FP_Land.uexp" 785
"C:/Users/aherr/Documents/Unreal Projects/ProjectZomb/Content/FirstPersonArms/Animations/FP_Falling.uasset" 786
"C:/Users/aherr/Documents/Unreal Projects/ProjectZomb/Content/FirstPersonArms/Animations/FP_Falling.uexp" 787
"../../../Engine/Content/Animation/DefaultVariableFrameStrippingSettings.uasset" 788
"../../../Engine/Content/Animation/DefaultVariableFrameStrippingSettings.uexp" 789
"C:/Users/aherr/Documents/Unreal Projects/ProjectZomb/Content/FirstPersonArms/Animations/FP_Rifle_Jump.uasset" 790
"C:/Users/aherr/Documents/Unreal Projects/ProjectZomb/Content/FirstPersonArms/Animations/FP_Rifle_Jump.uexp" 791
"C:/Users/aherr/Documents/Unreal Projects/ProjectZomb/Content/FirstPersonArms/Animations/FirstPerson_AnimBP.uasset" 792
"C:/Users/aherr/Documents/Unreal Projects/ProjectZomb/Content/FirstPersonArms/Animations/FirstPerson_AnimBP.uexp" 793
"C:/Users/aherr/Documents/Unreal Projects/ProjectZomb/Content/Blueprint/WeaponBlueprints/STRUCT_WeaponData.uasset" 794
"C:/Users/aherr/Documents/Unreal Projects/ProjectZomb/Content/Blueprint/WeaponBlueprints/STRUCT_WeaponData.uexp" 795
"C:/Users/aherr/Documents/Unreal Projects/ProjectZomb/Content/Blueprint/WeaponBlueprints/DT_WeaponTable.uasset" 796
"C:/Users/aherr/Documents/Unreal Projects/ProjectZomb/Content/Blueprint/WeaponBlueprints/DT_WeaponTable.uexp" 797
"C:/Users/aherr/Documents/Unreal Projects/ProjectZomb/Content/Blueprint/EnemyBlueprints/BPI_Enemy.uasset" 798
"C:/Users/aherr/Documents/Unreal Projects/ProjectZomb/Content/Blueprint/EnemyBlueprints/BPI_Enemy.uexp" 799
"C:/Users/aherr/Documents/Unreal Projects/ProjectZomb/Content/FirstPerson/Input/Actions/IA_Shoot.uasset" 800
"C:/Users/aherr/Documents/Unreal Projects/ProjectZomb/Content/FirstPerson/Input/Actions/IA_Shoot.uexp" 801
"C:/Users/aherr/Documents/Unreal Projects/ProjectZomb/Content/FirstPerson/Input/IMC_Weapons.uasset" 802
"C:/Users/aherr/Documents/Unreal Projects/ProjectZomb/Content/FirstPerson/Input/IMC_Weapons.uexp" 803
"C:/Users/aherr/Documents/Unreal Projects/ProjectZomb/Content/FPWeapon/Mesh/SK_FPGun_Skeleton.uasset" 804
"C:/Users/aherr/Documents/Unreal Projects/ProjectZomb/Content/FPWeapon/Mesh/SK_FPGun_Skeleton.uexp" 805
"C:/Users/aherr/Documents/Unreal Projects/ProjectZomb/Content/FPWeapon/Materials/MaterialLayers/T_ML_Rubber_Blue_01_D.ubulk" 806
"C:/Users/aherr/Documents/Unreal Projects/ProjectZomb/Content/FPWeapon/Materials/MaterialLayers/T_ML_Rubber_Blue_01_D.uasset" 807
"C:/Users/aherr/Documents/Unreal Projects/ProjectZomb/Content/FPWeapon/Materials/MaterialLayers/T_ML_Rubber_Blue_01_D.uexp" 808
"C:/Users/aherr/Documents/Unreal Projects/ProjectZomb/Content/FPWeapon/Textures/T_FPGun_N.ubulk" 809
"C:/Users/aherr/Documents/Unreal Projects/ProjectZomb/Content/FPWeapon/Textures/T_FPGun_N.uasset" 810
"C:/Users/aherr/Documents/Unreal Projects/ProjectZomb/Content/FPWeapon/Textures/T_FPGun_N.uexp" 811
"../../../Engine/Content/Functions/Engine_MaterialFunctions02/Utility/BlendAngleCorrectedNormals.uasset" 812
"../../../Engine/Content/Functions/Engine_MaterialFunctions02/Utility/BlendAngleCorrectedNormals.uexp" 813
"../../../Engine/Content/Functions/MaterialLayerFunctions/MatLayerBlend_NormalBlend.uasset" 814
"../../../Engine/Content/Functions/MaterialLayerFunctions/MatLayerBlend_NormalBlend.uexp" 815
"C:/Users/aherr/Documents/Unreal Projects/ProjectZomb/Content/FPWeapon/Materials/MaterialLayers/T_ML_Rubber_Blue_01_N.ubulk" 816
"C:/Users/aherr/Documents/Unreal Projects/ProjectZomb/Content/FPWeapon/Materials/MaterialLayers/T_ML_Rubber_Blue_01_N.uasset" 817
"C:/Users/aherr/Documents/Unreal Projects/ProjectZomb/Content/FPWeapon/Materials/MaterialLayers/T_ML_Rubber_Blue_01_N.uexp" 818
"C:/Users/aherr/Documents/Unreal Projects/ProjectZomb/Content/FPWeapon/Materials/MaterialLayers/ML_Screen.uasset" 819
"C:/Users/aherr/Documents/Unreal Projects/ProjectZomb/Content/FPWeapon/Materials/MaterialLayers/ML_Screen.uexp" 820
"C:/Users/aherr/Documents/Unreal Projects/ProjectZomb/Content/FPWeapon/Materials/MaterialLayers/T_ML_Aluminum01_N.ubulk" 821
"C:/Users/aherr/Documents/Unreal Projects/ProjectZomb/Content/FPWeapon/Materials/MaterialLayers/T_ML_Aluminum01_N.uasset" 822
"C:/Users/aherr/Documents/Unreal Projects/ProjectZomb/Content/FPWeapon/Materials/MaterialLayers/T_ML_Aluminum01_N.uexp" 823
"C:/Users/aherr/Documents/Unreal Projects/ProjectZomb/Content/FPWeapon/Materials/MaterialLayers/T_ML_Aluminum01.ubulk" 824
"C:/Users/aherr/Documents/Unreal Projects/ProjectZomb/Content/FPWeapon/Materials/MaterialLayers/T_ML_Aluminum01.uasset" 825
"C:/Users/aherr/Documents/Unreal Projects/ProjectZomb/Content/FPWeapon/Materials/MaterialLayers/T_ML_Aluminum01.uexp" 826
"C:/Users/aherr/Documents/Unreal Projects/ProjectZomb/Content/FPWeapon/Materials/MaterialLayers/ML_SoftMetal_UE4.uasset" 827
"C:/Users/aherr/Documents/Unreal Projects/ProjectZomb/Content/FPWeapon/Materials/MaterialLayers/ML_SoftMetal_UE4.uexp" 828
"../../../Engine/Content/Functions/MaterialLayerFunctions/MatLayerBlend_Simple.uasset" 829
"../../../Engine/Content/Functions/MaterialLayerFunctions/MatLayerBlend_Simple.uexp" 830
"C:/Users/aherr/Documents/Unreal Projects/ProjectZomb/Content/FPWeapon/Textures/T_FPGun_M.ubulk" 831
"C:/Users/aherr/Documents/Unreal Projects/ProjectZomb/Content/FPWeapon/Textures/T_FPGun_M.uasset" 832
"C:/Users/aherr/Documents/Unreal Projects/ProjectZomb/Content/FPWeapon/Textures/T_FPGun_M.uexp" 833
"C:/Users/aherr/Documents/Unreal Projects/ProjectZomb/Content/FPWeapon/Materials/MaterialLayers/ML_Plastic_Shiny_Beige.uasset" 834
"C:/Users/aherr/Documents/Unreal Projects/ProjectZomb/Content/FPWeapon/Materials/MaterialLayers/ML_Plastic_Shiny_Beige.uexp" 835
"C:/Users/aherr/Documents/Unreal Projects/ProjectZomb/Content/FPWeapon/Materials/MaterialLayers/ML_GlossyBlack_Latex_UE4.uasset" 836
"C:/Users/aherr/Documents/Unreal Projects/ProjectZomb/Content/FPWeapon/Materials/MaterialLayers/ML_GlossyBlack_Latex_UE4.uexp" 837
"C:/Users/aherr/Documents/Unreal Projects/ProjectZomb/Content/FPWeapon/Materials/M_FPGun.uasset" 838
"C:/Users/aherr/Documents/Unreal Projects/ProjectZomb/Content/FPWeapon/Materials/M_FPGun.uexp" 839
"C:/Users/aherr/Documents/Unreal Projects/ProjectZomb/Content/FPWeapon/Mesh/SK_FPGun_Physics.uasset" 840
"C:/Users/aherr/Documents/Unreal Projects/ProjectZomb/Content/FPWeapon/Mesh/SK_FPGun_Physics.uexp" 841
"C:/Users/aherr/Documents/Unreal Projects/ProjectZomb/Content/FPWeapon/Mesh/SK_FPGun.uasset" 842
"C:/Users/aherr/Documents/Unreal Projects/ProjectZomb/Content/FPWeapon/Mesh/SK_FPGun.uexp" 843
"C:/Users/aherr/Documents/Unreal Projects/ProjectZomb/Content/FPWeapon/Audio/FirstPersonTemplateWeaponFire02.ubulk" 844
"C:/Users/aherr/Documents/Unreal Projects/ProjectZomb/Content/FPWeapon/Audio/FirstPersonTemplateWeaponFire02.uasset" 845
"C:/Users/aherr/Documents/Unreal Projects/ProjectZomb/Content/FPWeapon/Audio/FirstPersonTemplateWeaponFire02.uexp" 846
"C:/Users/aherr/Documents/Unreal Projects/ProjectZomb/Content/FirstPersonArms/Animations/FP_Rifle_Fire.uasset" 847
"C:/Users/aherr/Documents/Unreal Projects/ProjectZomb/Content/FirstPersonArms/Animations/FP_Rifle_Fire.uexp" 848
"C:/Users/aherr/Documents/Unreal Projects/ProjectZomb/Content/FirstPersonArms/Animations/FP_Rifle_Shoot_Montage.uasset" 849
"C:/Users/aherr/Documents/Unreal Projects/ProjectZomb/Content/FirstPersonArms/Animations/FP_Rifle_Shoot_Montage.uexp" 850
"C:/Users/aherr/Documents/Unreal Projects/ProjectZomb/Content/Blueprint/WeaponBlueprints/BP_Weapon_Component.uasset" 851
"C:/Users/aherr/Documents/Unreal Projects/ProjectZomb/Content/Blueprint/WeaponBlueprints/BP_Weapon_Component.uexp" 852
"C:/Users/aherr/Documents/Unreal Projects/ProjectZomb/Content/FirstPerson/Blueprints/BP_FirstPersonCharacter.uasset" 853
"C:/Users/aherr/Documents/Unreal Projects/ProjectZomb/Content/FirstPerson/Blueprints/BP_FirstPersonCharacter.uexp" 854
"C:/Users/aherr/Documents/Unreal Projects/ProjectZomb/Content/FirstPerson/Blueprints/BP_FirstPersonGameMode.uasset" 855
"C:/Users/aherr/Documents/Unreal Projects/ProjectZomb/Content/FirstPerson/Blueprints/BP_FirstPersonGameMode.uexp" 856
"../../../Engine/Plugins/Interchange/Runtime/Content/gltf/MaterialFunctions/MF_RotateV2.uasset" 857
"../../../Engine/Plugins/Interchange/Runtime/Content/gltf/MaterialFunctions/MF_RotateV2.uexp" 858
"../../../Engine/Plugins/Interchange/Runtime/Content/gltf/MaterialFunctions/MF_TransformUVs.uasset" 859
"../../../Engine/Plugins/Interchange/Runtime/Content/gltf/MaterialFunctions/MF_TransformUVs.uexp" 860
"../../../Engine/Plugins/Interchange/Runtime/Content/gltf/Textures/T_White_srgb.uasset" 861
"../../../Engine/Plugins/Interchange/Runtime/Content/gltf/Textures/T_White_srgb.uexp" 862
"../../../Engine/Plugins/Interchange/Runtime/Content/gltf/MaterialFunctions/MF_BaseColor.uasset" 863
"../../../Engine/Plugins/Interchange/Runtime/Content/gltf/MaterialFunctions/MF_BaseColor.uexp" 864
"../../../Engine/Plugins/Interchange/Runtime/Content/gltf/MaterialBodies/MF_Unlit_Body.uasset" 865
"../../../Engine/Plugins/Interchange/Runtime/Content/gltf/MaterialBodies/MF_Unlit_Body.uexp" 866
"../../../Engine/Plugins/Interchange/Runtime/Content/gltf/M_Unlit.uasset" 867
"../../../Engine/Plugins/Interchange/Runtime/Content/gltf/M_Unlit.uexp" 868
"../../../Engine/Plugins/Interchange/Runtime/Content/gltf/MaterialInstances/MI_Unlit_Opaque_DS.uasset" 869
"../../../Engine/Plugins/Interchange/Runtime/Content/gltf/MaterialInstances/MI_Unlit_Opaque_DS.uexp" 870
"../../../Engine/Plugins/Interchange/Runtime/Content/gltf/MaterialInstances/MI_Unlit_Opaque.uasset" 871
"../../../Engine/Plugins/Interchange/Runtime/Content/gltf/MaterialInstances/MI_Unlit_Opaque.uexp" 872
"../../../Engine/Plugins/Interchange/Runtime/Content/gltf/MaterialInstances/MI_Unlit_Mask_DS.uasset" 873
"../../../Engine/Plugins/Interchange/Runtime/Content/gltf/MaterialInstances/MI_Unlit_Mask_DS.uexp" 874
"../../../Engine/Plugins/Interchange/Runtime/Content/gltf/MaterialInstances/MI_Unlit_Mask.uasset" 875
"../../../Engine/Plugins/Interchange/Runtime/Content/gltf/MaterialInstances/MI_Unlit_Mask.uexp" 876
"../../../Engine/Plugins/Interchange/Runtime/Content/gltf/MaterialInstances/MI_Unlit_Blend_DS.uasset" 877
"../../../Engine/Plugins/Interchange/Runtime/Content/gltf/MaterialInstances/MI_Unlit_Blend_DS.uexp" 878
"../../../Engine/Plugins/Interchange/Runtime/Content/gltf/MaterialInstances/MI_Unlit_Blend.uasset" 879
"../../../Engine/Plugins/Interchange/Runtime/Content/gltf/MaterialInstances/MI_Unlit_Blend.uexp" 880
"../../../Engine/Plugins/Interchange/Runtime/Content/gltf/MaterialFunctions/MF_Iridescence.uasset" 881
"../../../Engine/Plugins/Interchange/Runtime/Content/gltf/MaterialFunctions/MF_Iridescence.uexp" 882
"../../../Engine/Plugins/Interchange/Runtime/Content/gltf/Textures/T_White_Linear.uasset" 883
"../../../Engine/Plugins/Interchange/Runtime/Content/gltf/Textures/T_White_Linear.uexp" 884
"../../../Engine/Plugins/Interchange/Runtime/Content/gltf/MaterialFunctions/MF_MetallicRoughness.uasset" 885
"../../../Engine/Plugins/Interchange/Runtime/Content/gltf/MaterialFunctions/MF_MetallicRoughness.uexp" 886
"../../../Engine/Plugins/Interchange/Runtime/Content/gltf/MaterialFunctions/MF_Transmission.uasset" 887
"../../../Engine/Plugins/Interchange/Runtime/Content/gltf/MaterialFunctions/MF_Transmission.uexp" 888
"../../../Engine/Plugins/Interchange/Runtime/Content/gltf/MaterialFunctions/MF_Occlusion.uasset" 889
"../../../Engine/Plugins/Interchange/Runtime/Content/gltf/MaterialFunctions/MF_Occlusion.uexp" 890
"../../../Engine/Plugins/Interchange/Runtime/Content/gltf/MaterialFunctions/MF_Specular.uasset" 891
"../../../Engine/Plugins/Interchange/Runtime/Content/gltf/MaterialFunctions/MF_Specular.uexp" 892
"../../../Engine/Plugins/Interchange/Runtime/Content/gltf/MaterialFunctions/MF_IOR.uasset" 893
"../../../Engine/Plugins/Interchange/Runtime/Content/gltf/MaterialFunctions/MF_IOR.uexp" 894
"../../../Engine/Plugins/Interchange/Runtime/Content/gltf/MaterialFunctions/MF_RotateNormals_TS.uasset" 895
"../../../Engine/Plugins/Interchange/Runtime/Content/gltf/MaterialFunctions/MF_RotateNormals_TS.uexp" 896
"../../../Engine/Plugins/Interchange/Runtime/Content/gltf/Textures/T_Generic_N.uasset" 897
"../../../Engine/Plugins/Interchange/Runtime/Content/gltf/Textures/T_Generic_N.uexp" 898
"../../../Engine/Plugins/Interchange/Runtime/Content/gltf/MaterialFunctions/MF_Normals.uasset" 899
"../../../Engine/Plugins/Interchange/Runtime/Content/gltf/MaterialFunctions/MF_Normals.uexp" 900
"../../../Engine/Plugins/Interchange/Runtime/Content/gltf/MaterialBodies/MF_Transmission_Body.uasset" 901
"../../../Engine/Plugins/Interchange/Runtime/Content/gltf/MaterialBodies/MF_Transmission_Body.uexp" 902
"../../../Engine/Plugins/Interchange/Runtime/Content/gltf/M_Transmission.uasset" 903
"../../../Engine/Plugins/Interchange/Runtime/Content/gltf/M_Transmission.uexp" 904
"../../../Engine/Plugins/Interchange/Runtime/Content/gltf/MaterialInstances/MI_Transmission_DS.uasset" 905
"../../../Engine/Plugins/Interchange/Runtime/Content/gltf/MaterialInstances/MI_Transmission_DS.uexp" 906
"../../../Engine/Plugins/Interchange/Runtime/Content/gltf/MaterialInstances/MI_Transmission.uasset" 907
"../../../Engine/Plugins/Interchange/Runtime/Content/gltf/MaterialInstances/MI_Transmission.uexp" 908
"../../../Engine/Plugins/Interchange/Runtime/Content/gltf/MaterialFunctions/MF_DiffuseSpecGloss.uasset" 909
"../../../Engine/Plugins/Interchange/Runtime/Content/gltf/MaterialFunctions/MF_DiffuseSpecGloss.uexp" 910
"../../../Engine/Content/Functions/Engine_MaterialFunctions02/Math/AddComponents.uasset" 911
"../../../Engine/Content/Functions/Engine_MaterialFunctions02/Math/AddComponents.uexp" 912
"../../../Engine/Plugins/Interchange/Runtime/Content/gltf/MaterialFunctions/MF_PerceivedBrightness.uasset" 913
"../../../Engine/Plugins/Interchange/Runtime/Content/gltf/MaterialFunctions/MF_PerceivedBrightness.uexp" 914
"../../../Engine/Plugins/Interchange/Runtime/Content/gltf/MaterialFunctions/MF_Emissive.uasset" 915
"../../../Engine/Plugins/Interchange/Runtime/Content/gltf/MaterialFunctions/MF_Emissive.uexp" 916
"../../../Engine/Plugins/Interchange/Runtime/Content/gltf/MaterialFunctions/MF_SpecGlossToMetalRoughness.uasset" 917
"../../../Engine/Plugins/Interchange/Runtime/Content/gltf/MaterialFunctions/MF_SpecGlossToMetalRoughness.uexp" 918
"../../../Engine/Plugins/Interchange/Runtime/Content/gltf/MaterialBodies/MF_SpecularGlossiness_Body.uasset" 919
"../../../Engine/Plugins/Interchange/Runtime/Content/gltf/MaterialBodies/MF_SpecularGlossiness_Body.uexp" 920
"../../../Engine/Plugins/Interchange/Runtime/Content/gltf/M_SpecularGlossiness.uasset" 921
"../../../Engine/Plugins/Interchange/Runtime/Content/gltf/M_SpecularGlossiness.uexp" 922
"../../../Engine/Plugins/Interchange/Runtime/Content/gltf/MaterialInstances/MI_SpecularGlossiness_Opaque_DS.uasset" 923
"../../../Engine/Plugins/Interchange/Runtime/Content/gltf/MaterialInstances/MI_SpecularGlossiness_Opaque_DS.uexp" 924
"../../../Engine/Plugins/Interchange/Runtime/Content/gltf/MaterialInstances/MI_SpecularGlossiness_Opaque.uasset" 925
"../../../Engine/Plugins/Interchange/Runtime/Content/gltf/MaterialInstances/MI_SpecularGlossiness_Opaque.uexp" 926
"../../../Engine/Plugins/Interchange/Runtime/Content/gltf/MaterialInstances/MI_SpecularGlossiness_Mask_DS.uasset" 927
"../../../Engine/Plugins/Interchange/Runtime/Content/gltf/MaterialInstances/MI_SpecularGlossiness_Mask_DS.uexp" 928
"../../../Engine/Plugins/Interchange/Runtime/Content/gltf/MaterialInstances/MI_SpecularGlossiness_Mask.uasset" 929
"../../../Engine/Plugins/Interchange/Runtime/Content/gltf/MaterialInstances/MI_SpecularGlossiness_Mask.uexp" 930
"../../../Engine/Plugins/Interchange/Runtime/Content/gltf/MaterialInstances/MI_SpecularGlossiness_Blend_DS.uasset" 931
"../../../Engine/Plugins/Interchange/Runtime/Content/gltf/MaterialInstances/MI_SpecularGlossiness_Blend_DS.uexp" 932
"../../../Engine/Plugins/Interchange/Runtime/Content/gltf/MaterialInstances/MI_SpecularGlossiness_Blend.uasset" 933
"../../../Engine/Plugins/Interchange/Runtime/Content/gltf/MaterialInstances/MI_SpecularGlossiness_Blend.uexp" 934
"../../../Engine/Plugins/Interchange/Runtime/Content/gltf/MaterialFunctions/MF_Sheen.uasset" 935
"../../../Engine/Plugins/Interchange/Runtime/Content/gltf/MaterialFunctions/MF_Sheen.uexp" 936
"../../../Engine/Plugins/Interchange/Runtime/Content/gltf/MaterialBodies/MF_Sheen_Body.uasset" 937
"../../../Engine/Plugins/Interchange/Runtime/Content/gltf/MaterialBodies/MF_Sheen_Body.uexp" 938
"../../../Engine/Plugins/Interchange/Runtime/Content/gltf/M_Sheen.uasset" 939
"../../../Engine/Plugins/Interchange/Runtime/Content/gltf/M_Sheen.uexp" 940
"../../../Engine/Plugins/Interchange/Runtime/Content/gltf/MaterialInstances/MI_Sheen_Opaque_DS.uasset" 941
"../../../Engine/Plugins/Interchange/Runtime/Content/gltf/MaterialInstances/MI_Sheen_Opaque_DS.uexp" 942
"../../../Engine/Plugins/Interchange/Runtime/Content/gltf/MaterialInstances/MI_Sheen_Opaque.uasset" 943
"../../../Engine/Plugins/Interchange/Runtime/Content/gltf/MaterialInstances/MI_Sheen_Opaque.uexp" 944
"../../../Engine/Plugins/Interchange/Runtime/Content/gltf/MaterialInstances/MI_Sheen_Mask_DS.uasset" 945
"../../../Engine/Plugins/Interchange/Runtime/Content/gltf/MaterialInstances/MI_Sheen_Mask_DS.uexp" 946
"../../../Engine/Plugins/Interchange/Runtime/Content/gltf/MaterialInstances/MI_Sheen_Mask.uasset" 947
"../../../Engine/Plugins/Interchange/Runtime/Content/gltf/MaterialInstances/MI_Sheen_Mask.uexp" 948
"../../../Engine/Plugins/Interchange/Runtime/Content/gltf/MaterialInstances/MI_Sheen_Blend_DS.uasset" 949
"../../../Engine/Plugins/Interchange/Runtime/Content/gltf/MaterialInstances/MI_Sheen_Blend_DS.uexp" 950
"../../../Engine/Plugins/Interchange/Runtime/Content/gltf/MaterialInstances/MI_Sheen_Blend.uasset" 951
"../../../Engine/Plugins/Interchange/Runtime/Content/gltf/MaterialInstances/MI_Sheen_Blend.uexp" 952
"../../../Engine/Plugins/Interchange/Runtime/Content/gltf/MaterialBodies/MF_Default_Body.uasset" 953
"../../../Engine/Plugins/Interchange/Runtime/Content/gltf/MaterialBodies/MF_Default_Body.uexp" 954
"../../../Engine/Plugins/Interchange/Runtime/Content/gltf/M_Default.uasset" 955
"../../../Engine/Plugins/Interchange/Runtime/Content/gltf/M_Default.uexp" 956
"../../../Engine/Plugins/Interchange/Runtime/Content/gltf/MaterialInstances/MI_Default_Opaque_DS.uasset" 957
"../../../Engine/Plugins/Interchange/Runtime/Content/gltf/MaterialInstances/MI_Default_Opaque_DS.uexp" 958
"../../../Engine/Plugins/Interchange/Runtime/Content/gltf/MaterialInstances/MI_Default_Opaque.uasset" 959
"../../../Engine/Plugins/Interchange/Runtime/Content/gltf/MaterialInstances/MI_Default_Opaque.uexp" 960
"../../../Engine/Plugins/Interchange/Runtime/Content/gltf/MaterialInstances/MI_Default_Mask_DS.uasset" 961
"../../../Engine/Plugins/Interchange/Runtime/Content/gltf/MaterialInstances/MI_Default_Mask_DS.uexp" 962
"../../../Engine/Plugins/Interchange/Runtime/Content/gltf/MaterialInstances/MI_Default_Mask.uasset" 963
"../../../Engine/Plugins/Interchange/Runtime/Content/gltf/MaterialInstances/MI_Default_Mask.uexp" 964
"../../../Engine/Plugins/Interchange/Runtime/Content/gltf/MaterialInstances/MI_Default_Blend_DS.uasset" 965
"../../../Engine/Plugins/Interchange/Runtime/Content/gltf/MaterialInstances/MI_Default_Blend_DS.uexp" 966
"../../../Engine/Plugins/Interchange/Runtime/Content/gltf/MaterialInstances/MI_Default_Blend.uasset" 967
"../../../Engine/Plugins/Interchange/Runtime/Content/gltf/MaterialInstances/MI_Default_Blend.uexp" 968
"../../../Engine/Content/Functions/Engine_MaterialFunctions01/Texturing/FlattenNormal.uasset" 969
"../../../Engine/Content/Functions/Engine_MaterialFunctions01/Texturing/FlattenNormal.uexp" 970
"../../../Engine/Plugins/Interchange/Runtime/Content/gltf/MaterialFunctions/MF_Clearcoat.uasset" 971
"../../../Engine/Plugins/Interchange/Runtime/Content/gltf/MaterialFunctions/MF_Clearcoat.uexp" 972
"../../../Engine/Plugins/Interchange/Runtime/Content/gltf/MaterialBodies/MF_ClearCoat_Body.uasset" 973
"../../../Engine/Plugins/Interchange/Runtime/Content/gltf/MaterialBodies/MF_ClearCoat_Body.uexp" 974
"../../../Engine/Plugins/Interchange/Runtime/Content/gltf/M_ClearCoat.uasset" 975
"../../../Engine/Plugins/Interchange/Runtime/Content/gltf/M_ClearCoat.uexp" 976
"../../../Engine/Plugins/Interchange/Runtime/Content/gltf/MaterialInstances/MI_ClearCoat_Opaque_DS.uasset" 977
"../../../Engine/Plugins/Interchange/Runtime/Content/gltf/MaterialInstances/MI_ClearCoat_Opaque_DS.uexp" 978
"../../../Engine/Plugins/Interchange/Runtime/Content/gltf/MaterialInstances/MI_ClearCoat_Opaque.uasset" 979
"../../../Engine/Plugins/Interchange/Runtime/Content/gltf/MaterialInstances/MI_ClearCoat_Opaque.uexp" 980
"../../../Engine/Plugins/Interchange/Runtime/Content/gltf/MaterialInstances/MI_ClearCoat_Mask_DS.uasset" 981
"../../../Engine/Plugins/Interchange/Runtime/Content/gltf/MaterialInstances/MI_ClearCoat_Mask_DS.uexp" 982
"../../../Engine/Plugins/Interchange/Runtime/Content/gltf/MaterialInstances/MI_ClearCoat_Mask.uasset" 983
"../../../Engine/Plugins/Interchange/Runtime/Content/gltf/MaterialInstances/MI_ClearCoat_Mask.uexp" 984
"../../../Engine/Plugins/Interchange/Runtime/Content/gltf/MaterialInstances/MI_ClearCoat_Blend_DS.uasset" 985
"../../../Engine/Plugins/Interchange/Runtime/Content/gltf/MaterialInstances/MI_ClearCoat_Blend_DS.uexp" 986
"../../../Engine/Plugins/Interchange/Runtime/Content/gltf/MaterialInstances/MI_ClearCoat_Blend.uasset" 987
"../../../Engine/Plugins/Interchange/Runtime/Content/gltf/MaterialInstances/MI_ClearCoat_Blend.uexp" 988
"../../../Engine/Content/EngineSky/VolumetricClouds/CloudWeatherTexture.uasset" 989
"../../../Engine/Content/EngineSky/VolumetricClouds/CloudWeatherTexture.uexp" 990
"../../../Engine/Content/Functions/Engine_MaterialFunctions02/Utility/MakeFloat2.uasset" 991
"../../../Engine/Content/Functions/Engine_MaterialFunctions02/Utility/MakeFloat2.uexp" 992
"../../../Engine/Content/EngineSky/VolumetricClouds/CloudGradientTexture.uasset" 993
"../../../Engine/Content/EngineSky/VolumetricClouds/CloudGradientTexture.uexp" 994
"../../../Engine/Content/EngineSky/VolumetricClouds/T_NoiseShape64.ubulk" 995
"../../../Engine/Content/EngineSky/VolumetricClouds/T_NoiseShape64.uasset" 996
"../../../Engine/Content/EngineSky/VolumetricClouds/T_NoiseShape64.uexp" 997
"../../../Engine/Content/EngineSky/VolumetricClouds/T_VolumeNoiseShape64.uasset" 998
"../../../Engine/Content/EngineSky/VolumetricClouds/T_VolumeNoiseShape64.uexp" 999
"../../../Engine/Content/EngineSky/VolumetricClouds/T_NoiseErosion.ubulk" 1000
"../../../Engine/Content/EngineSky/VolumetricClouds/T_NoiseErosion.uasset" 1001
"../../../Engine/Content/EngineSky/VolumetricClouds/T_NoiseErosion.uexp" 1002
"../../../Engine/Content/EngineSky/VolumetricClouds/T_VolumeNoiseErosion32.uasset" 1003
"../../../Engine/Content/EngineSky/VolumetricClouds/T_VolumeNoiseErosion32.uexp" 1004
"../../../Engine/Content/EngineSky/VolumetricClouds/m_SimpleVolumetricCloud.uasset" 1005
"../../../Engine/Content/EngineSky/VolumetricClouds/m_SimpleVolumetricCloud.uexp" 1006
"../../../Engine/Content/EngineSky/VolumetricClouds/m_SimpleVolumetricCloud_Inst.uasset" 1007
"../../../Engine/Content/EngineSky/VolumetricClouds/m_SimpleVolumetricCloud_Inst.uexp" 1008
"../../../Engine/Content/EngineResources/FilmGrains/Marcie_Grain_v3_128_M2_000.uasset" 1009
"../../../Engine/Content/EngineResources/FilmGrains/Marcie_Grain_v3_128_M2_000.uexp" 1010
"../../../Engine/Content/EditorResources/SequenceRecorder/RecordingIndicator.uasset" 1011
"../../../Engine/Content/EditorResources/SequenceRecorder/RecordingIndicator.uexp" 1012
"../../../Engine/Content/EditorResources/SequenceRecorder/Countdown.uasset" 1013
"../../../Engine/Content/EditorResources/SequenceRecorder/Countdown.uexp" 1014
"../../../Engine/Content/EditorMaterials/Dataflow/DataflowVertexMaterial.uasset" 1015
"../../../Engine/Content/EditorMaterials/Dataflow/DataflowVertexMaterial.uexp" 1016
"../../../Engine/Content/EngineMaterials/Substrate/Volume/SubstrateSimpleVolumeLUT3D.uasset" 1017
"../../../Engine/Content/EngineMaterials/Substrate/Volume/SubstrateSimpleVolumeLUT3D.uexp" 1018
"../../../Engine/Content/EngineMaterials/Substrate/Volume/SubstrateSimpleVolumeEnvLUT3D.uasset" 1019
"../../../Engine/Content/EngineMaterials/Substrate/Volume/SubstrateSimpleVolumeEnvLUT3D.uexp" 1020
"../../../Engine/Content/Functions/Engine_MaterialFunctions01/Shading/PowerToRoughness.uasset" 1021
"../../../Engine/Content/Functions/Engine_MaterialFunctions01/Shading/PowerToRoughness.uexp" 1022
"../../../Engine/Content/Functions/Engine_MaterialFunctions01/Shading/ConvertFromDiffSpec.uasset" 1023
"../../../Engine/Content/Functions/Engine_MaterialFunctions01/Shading/ConvertFromDiffSpec.uexp" 1024
"../../../Engine/Content/EngineMaterials/Substrate/GLints2/AGlintTex2dArray2.uasset" 1025
"../../../Engine/Content/EngineMaterials/Substrate/GLints2/AGlintTex2dArray2.uexp" 1026
"../../../Engine/Content/EngineMaterials/Substrate/GLints/AGlintTex2dArray.uasset" 1027
"../../../Engine/Content/EngineMaterials/Substrate/GLints/AGlintTex2dArray.uexp" 1028
"../../../Engine/Content/Maps/Entry_BuiltData.uasset" 1029
"../../../Engine/Content/Maps/Entry_BuiltData.uexp" 1030
"../../../Engine/Content/Maps/Entry.uexp" 1031
"../../../Engine/Content/Maps/Entry.umap" 1032
"C:/Users/aherr/Documents/Unreal Projects/ProjectZomb/Content/FPWeapon/Materials/BaseMaterial.uasset" 1033
"C:/Users/aherr/Documents/Unreal Projects/ProjectZomb/Content/FPWeapon/Materials/BaseMaterial.uexp" 1034
"C:/Users/aherr/Documents/Unreal Projects/ProjectZomb/Content/LevelPrototyping/Materials/ProtoMats/MI_Orange.uasset" 1035
"C:/Users/aherr/Documents/Unreal Projects/ProjectZomb/Content/LevelPrototyping/Materials/ProtoMats/MI_Orange.uexp" 1036
"C:/Users/aherr/Documents/Unreal Projects/ProjectZomb/Content/LevelPrototyping/Textures/T_GridChecker_A.ubulk" 1037
"C:/Users/aherr/Documents/Unreal Projects/ProjectZomb/Content/LevelPrototyping/Textures/T_GridChecker_A.uasset" 1038
"C:/Users/aherr/Documents/Unreal Projects/ProjectZomb/Content/LevelPrototyping/Textures/T_GridChecker_A.uexp" 1039
"../../../Engine/Content/Functions/Engine_MaterialFunctions01/Gradient/LinearGradient.uasset" 1040
"../../../Engine/Content/Functions/Engine_MaterialFunctions01/Gradient/LinearGradient.uexp" 1041
"../../../Engine/Content/Functions/Engine_MaterialFunctions01/ImageAdjustment/CheapContrast.uasset" 1042
"../../../Engine/Content/Functions/Engine_MaterialFunctions01/ImageAdjustment/CheapContrast.uexp" 1043
"C:/Users/aherr/Documents/Unreal Projects/ProjectZomb/Content/LevelPrototyping/Materials/MF_ProcGrid.uasset" 1044
"C:/Users/aherr/Documents/Unreal Projects/ProjectZomb/Content/LevelPrototyping/Materials/MF_ProcGrid.uexp" 1045
"C:/Users/aherr/Documents/Unreal Projects/ProjectZomb/Content/LevelPrototyping/Materials/M_PrototypeGrid.uasset" 1046
"C:/Users/aherr/Documents/Unreal Projects/ProjectZomb/Content/LevelPrototyping/Materials/M_PrototypeGrid.uexp" 1047
"C:/Users/aherr/Documents/Unreal Projects/ProjectZomb/Content/LevelPrototyping/Materials/MI_PrototypeGrid_Gray.uasset" 1048
"C:/Users/aherr/Documents/Unreal Projects/ProjectZomb/Content/LevelPrototyping/Materials/MI_PrototypeGrid_Gray.uexp" 1049
"C:/Users/aherr/Documents/Unreal Projects/ProjectZomb/Content/LevelPrototyping/Meshes/SM_Cylinder.ubulk" 1050
"C:/Users/aherr/Documents/Unreal Projects/ProjectZomb/Content/LevelPrototyping/Meshes/SM_Cylinder.uasset" 1051
"C:/Users/aherr/Documents/Unreal Projects/ProjectZomb/Content/LevelPrototyping/Meshes/SM_Cylinder.uexp" 1052
"C:/Users/aherr/Documents/Unreal Projects/ProjectZomb/Content/LevelPrototyping/Meshes/SM_Cube.ubulk" 1053
"C:/Users/aherr/Documents/Unreal Projects/ProjectZomb/Content/LevelPrototyping/Meshes/SM_Cube.uasset" 1054
"C:/Users/aherr/Documents/Unreal Projects/ProjectZomb/Content/LevelPrototyping/Meshes/SM_Cube.uexp" 1055
"../../../Engine/Content/BasicShapes/Cylinder.ubulk" 1056
"../../../Engine/Content/BasicShapes/Cylinder.uasset" 1057
"../../../Engine/Content/BasicShapes/Cylinder.uexp" 1058
"C:/Users/aherr/Documents/Unreal Projects/ProjectZomb/Content/FirstPerson/Blueprints/BPI_GameInstance.uasset" 1059
"C:/Users/aherr/Documents/Unreal Projects/ProjectZomb/Content/FirstPerson/Blueprints/BPI_GameInstance.uexp" 1060
"C:/Users/aherr/Documents/Unreal Projects/ProjectZomb/Content/Blueprint/EnemyBlueprints/BPI_RoundManager.uasset" 1061
"C:/Users/aherr/Documents/Unreal Projects/ProjectZomb/Content/Blueprint/EnemyBlueprints/BPI_RoundManager.uexp" 1062
"C:/Users/aherr/Documents/Unreal Projects/ProjectZomb/Content/Blueprint/EnemyBlueprints/BP_RoundManager.uasset" 1063
"C:/Users/aherr/Documents/Unreal Projects/ProjectZomb/Content/Blueprint/EnemyBlueprints/BP_RoundManager.uexp" 1064
"C:/Users/aherr/Documents/Unreal Projects/ProjectZomb/Content/FirstPerson/Blueprints/BP_GameInstance.uasset" 1065
"C:/Users/aherr/Documents/Unreal Projects/ProjectZomb/Content/FirstPerson/Blueprints/BP_GameInstance.uexp" 1066
"C:/Users/aherr/Documents/Unreal Projects/ProjectZomb/Content/Characters/Mannequin_UE4/Textures/T_UELogo_N_TGA.ubulk" 1067
"C:/Users/aherr/Documents/Unreal Projects/ProjectZomb/Content/Characters/Mannequin_UE4/Textures/T_UELogo_N_TGA.uasset" 1068
"C:/Users/aherr/Documents/Unreal Projects/ProjectZomb/Content/Characters/Mannequin_UE4/Textures/T_UELogo_N_TGA.uexp" 1069
"C:/Users/aherr/Documents/Unreal Projects/ProjectZomb/Content/Characters/Mannequin_UE4/Textures/T_UE4_Mannequin__normals.ubulk" 1070
"C:/Users/aherr/Documents/Unreal Projects/ProjectZomb/Content/Characters/Mannequin_UE4/Textures/T_UE4_Mannequin__normals.uasset" 1071
"C:/Users/aherr/Documents/Unreal Projects/ProjectZomb/Content/Characters/Mannequin_UE4/Textures/T_UE4_Mannequin__normals.uexp" 1072
"C:/Users/aherr/Documents/Unreal Projects/ProjectZomb/Content/Characters/Mannequin_UE4/Materials/Layers/ML_ShinyPlastic_Beige.uasset" 1073
"C:/Users/aherr/Documents/Unreal Projects/ProjectZomb/Content/Characters/Mannequin_UE4/Materials/Layers/ML_ShinyPlastic_Beige.uexp" 1074
"C:/Users/aherr/Documents/Unreal Projects/ProjectZomb/Content/Characters/Mannequin_UE4/Textures/T_UELogo_Mask.ubulk" 1075
"C:/Users/aherr/Documents/Unreal Projects/ProjectZomb/Content/Characters/Mannequin_UE4/Textures/T_UELogo_Mask.uasset" 1076
"C:/Users/aherr/Documents/Unreal Projects/ProjectZomb/Content/Characters/Mannequin_UE4/Textures/T_UELogo_Mask.uexp" 1077
"C:/Users/aherr/Documents/Unreal Projects/ProjectZomb/Content/Characters/Mannequin_UE4/Materials/Layers/ML_ShinyPlastic_Beige_Logo.uasset" 1078
"C:/Users/aherr/Documents/Unreal Projects/ProjectZomb/Content/Characters/Mannequin_UE4/Materials/Layers/ML_ShinyPlastic_Beige_Logo.uexp" 1079
"C:/Users/aherr/Documents/Unreal Projects/ProjectZomb/Content/Characters/Mannequin_UE4/Textures/T_UE4_Mannequin_MAT_MASKA.ubulk" 1080
"C:/Users/aherr/Documents/Unreal Projects/ProjectZomb/Content/Characters/Mannequin_UE4/Textures/T_UE4_Mannequin_MAT_MASKA.uasset" 1081
"C:/Users/aherr/Documents/Unreal Projects/ProjectZomb/Content/Characters/Mannequin_UE4/Textures/T_UE4_Mannequin_MAT_MASKA.uexp" 1082
"C:/Users/aherr/Documents/Unreal Projects/ProjectZomb/Content/Characters/Mannequin_UE4/Textures/T_ML_Aluminum01_N.ubulk" 1083
"C:/Users/aherr/Documents/Unreal Projects/ProjectZomb/Content/Characters/Mannequin_UE4/Textures/T_ML_Aluminum01_N.uasset" 1084
"C:/Users/aherr/Documents/Unreal Projects/ProjectZomb/Content/Characters/Mannequin_UE4/Textures/T_ML_Aluminum01_N.uexp" 1085
"C:/Users/aherr/Documents/Unreal Projects/ProjectZomb/Content/Characters/Mannequin_UE4/Textures/T_ML_Aluminum01.ubulk" 1086
"C:/Users/aherr/Documents/Unreal Projects/ProjectZomb/Content/Characters/Mannequin_UE4/Textures/T_ML_Aluminum01.uasset" 1087
"C:/Users/aherr/Documents/Unreal Projects/ProjectZomb/Content/Characters/Mannequin_UE4/Textures/T_ML_Aluminum01.uexp" 1088
"C:/Users/aherr/Documents/Unreal Projects/ProjectZomb/Content/Characters/Mannequin_UE4/Materials/Layers/ML_SoftMetal.uasset" 1089
"C:/Users/aherr/Documents/Unreal Projects/ProjectZomb/Content/Characters/Mannequin_UE4/Materials/Layers/ML_SoftMetal.uexp" 1090
"C:/Users/aherr/Documents/Unreal Projects/ProjectZomb/Content/Characters/Mannequin_UE4/Textures/T_ML_Rubber_Blue_01_N.ubulk" 1091
"C:/Users/aherr/Documents/Unreal Projects/ProjectZomb/Content/Characters/Mannequin_UE4/Textures/T_ML_Rubber_Blue_01_N.uasset" 1092
"C:/Users/aherr/Documents/Unreal Projects/ProjectZomb/Content/Characters/Mannequin_UE4/Textures/T_ML_Rubber_Blue_01_N.uexp" 1093
"C:/Users/aherr/Documents/Unreal Projects/ProjectZomb/Content/Characters/Mannequin_UE4/Textures/T_ML_Rubber_Blue_01_D.ubulk" 1094
"C:/Users/aherr/Documents/Unreal Projects/ProjectZomb/Content/Characters/Mannequin_UE4/Textures/T_ML_Rubber_Blue_01_D.uasset" 1095
"C:/Users/aherr/Documents/Unreal Projects/ProjectZomb/Content/Characters/Mannequin_UE4/Textures/T_ML_Rubber_Blue_01_D.uexp" 1096
"C:/Users/aherr/Documents/Unreal Projects/ProjectZomb/Content/Characters/Mannequin_UE4/Materials/Layers/ML_Latex_Black.uasset" 1097
"C:/Users/aherr/Documents/Unreal Projects/ProjectZomb/Content/Characters/Mannequin_UE4/Materials/Layers/ML_Latex_Black.uexp" 1098
"C:/Users/aherr/Documents/Unreal Projects/ProjectZomb/Content/Characters/Mannequin_UE4/Materials/M_MannequinUE4_Body.uasset" 1099
"C:/Users/aherr/Documents/Unreal Projects/ProjectZomb/Content/Characters/Mannequin_UE4/Materials/M_MannequinUE4_Body.uexp" 1100
"C:/Users/aherr/Documents/Unreal Projects/ProjectZomb/Content/Characters/Mannequin_UE4/Materials/M_MannequinUE4_ChestLogo.uasset" 1101
"C:/Users/aherr/Documents/Unreal Projects/ProjectZomb/Content/Characters/Mannequin_UE4/Materials/M_MannequinUE4_ChestLogo.uexp" 1102
"C:/Users/aherr/Documents/Unreal Projects/ProjectZomb/Content/Characters/Mannequin_UE4/Meshes/SK_Mannequin_PhysicsAsset.uasset" 1103
"C:/Users/aherr/Documents/Unreal Projects/ProjectZomb/Content/Characters/Mannequin_UE4/Meshes/SK_Mannequin_PhysicsAsset.uexp" 1104
"C:/Users/aherr/Documents/Unreal Projects/ProjectZomb/Content/Characters/Mannequin_UE4/Meshes/SK_Mannequin_Skeleton.uasset" 1105
"C:/Users/aherr/Documents/Unreal Projects/ProjectZomb/Content/Characters/Mannequin_UE4/Meshes/SK_Mannequin_Skeleton.uexp" 1106
"C:/Users/aherr/Documents/Unreal Projects/ProjectZomb/Content/Characters/Mannequin_UE4/Meshes/SK_Mannequin.uasset" 1107
"C:/Users/aherr/Documents/Unreal Projects/ProjectZomb/Content/Characters/Mannequin_UE4/Meshes/SK_Mannequin.uexp" 1108
"C:/Users/aherr/Documents/Unreal Projects/ProjectZomb/Content/Characters/Mannequins/Meshes/SK_Mannequin.uasset" 1109
"C:/Users/aherr/Documents/Unreal Projects/ProjectZomb/Content/Characters/Mannequins/Meshes/SK_Mannequin.uexp" 1110
"C:/Users/aherr/Documents/Unreal Projects/ProjectZomb/Content/Characters/Mannequins/Animations/Manny/MM_Fall_Loop.uasset" 1111
"C:/Users/aherr/Documents/Unreal Projects/ProjectZomb/Content/Characters/Mannequins/Animations/Manny/MM_Fall_Loop.uexp" 1112
"C:/Users/aherr/Documents/Unreal Projects/ProjectZomb/Content/Characters/Mannequins/Animations/Manny/MM_Jump.uasset" 1113
"C:/Users/aherr/Documents/Unreal Projects/ProjectZomb/Content/Characters/Mannequins/Animations/Manny/MM_Jump.uexp" 1114
"../../../Engine/Plugins/Animation/ControlRig/Content/Controls/DefaultGizmoLibrary.uasset" 1115
"../../../Engine/Plugins/Animation/ControlRig/Content/Controls/DefaultGizmoLibrary.uexp" 1116
"C:/Users/aherr/Documents/Unreal Projects/ProjectZomb/Content/Characters/Mannequins/Rigs/CR_Mannequin_BasicFootIK.uasset" 1117
"C:/Users/aherr/Documents/Unreal Projects/ProjectZomb/Content/Characters/Mannequins/Rigs/CR_Mannequin_BasicFootIK.uexp" 1118
"C:/Users/aherr/Documents/Unreal Projects/ProjectZomb/Content/Characters/Mannequins/Animations/Manny/MM_Run_Fwd.uasset" 1119
"C:/Users/aherr/Documents/Unreal Projects/ProjectZomb/Content/Characters/Mannequins/Animations/Manny/MM_Run_Fwd.uexp" 1120
"C:/Users/aherr/Documents/Unreal Projects/ProjectZomb/Content/Characters/Mannequins/Animations/Manny/MM_Walk_Fwd.uasset" 1121
"C:/Users/aherr/Documents/Unreal Projects/ProjectZomb/Content/Characters/Mannequins/Animations/Manny/MM_Walk_Fwd.uexp" 1122
"C:/Users/aherr/Documents/Unreal Projects/ProjectZomb/Content/Characters/Mannequins/Animations/Manny/MM_Walk_InPlace.uasset" 1123
"C:/Users/aherr/Documents/Unreal Projects/ProjectZomb/Content/Characters/Mannequins/Animations/Manny/MM_Walk_InPlace.uexp" 1124
"C:/Users/aherr/Documents/Unreal Projects/ProjectZomb/Content/Characters/Mannequins/Animations/Manny/BS_MM_WalkRun.uasset" 1125
"C:/Users/aherr/Documents/Unreal Projects/ProjectZomb/Content/Characters/Mannequins/Animations/Manny/BS_MM_WalkRun.uexp" 1126
"C:/Users/aherr/Documents/Unreal Projects/ProjectZomb/Content/Characters/Mannequins/Animations/Manny/MM_Land.uasset" 1127
"C:/Users/aherr/Documents/Unreal Projects/ProjectZomb/Content/Characters/Mannequins/Animations/Manny/MM_Land.uexp" 1128
"C:/Users/aherr/Documents/Unreal Projects/ProjectZomb/Content/Characters/Mannequins/Animations/Manny/MM_Idle.uasset" 1129
"C:/Users/aherr/Documents/Unreal Projects/ProjectZomb/Content/Characters/Mannequins/Animations/Manny/MM_Idle.uexp" 1130
"C:/Users/aherr/Documents/Unreal Projects/ProjectZomb/Content/Characters/Mannequins/Animations/ABP_Manny.uasset" 1131
"C:/Users/aherr/Documents/Unreal Projects/ProjectZomb/Content/Characters/Mannequins/Animations/ABP_Manny.uexp" 1132
"C:/Users/aherr/Documents/Unreal Projects/ProjectZomb/Content/Blueprint/EnemyBlueprints/BP_Enemy.uasset" 1133
"C:/Users/aherr/Documents/Unreal Projects/ProjectZomb/Content/Blueprint/EnemyBlueprints/BP_Enemy.uexp" 1134
"C:/Users/aherr/Documents/Unreal Projects/ProjectZomb/Content/Blueprint/EnemyBlueprints/BP_EnemySpawn.uasset" 1135
"C:/Users/aherr/Documents/Unreal Projects/ProjectZomb/Content/Blueprint/EnemyBlueprints/BP_EnemySpawn.uexp" 1136
"C:/Users/aherr/Documents/Unreal Projects/ProjectZomb/Content/LevelPrototyping/Meshes/SM_Ramp.ubulk" 1137
"C:/Users/aherr/Documents/Unreal Projects/ProjectZomb/Content/LevelPrototyping/Meshes/SM_Ramp.uasset" 1138
"C:/Users/aherr/Documents/Unreal Projects/ProjectZomb/Content/LevelPrototyping/Meshes/SM_Ramp.uexp" 1139
"C:/Users/aherr/Documents/Unreal Projects/ProjectZomb/Content/FirstPerson/Maps/LV_Largs.uexp" 1140
"C:/Users/aherr/Documents/Unreal Projects/ProjectZomb/Content/FirstPerson/Maps/LV_Largs.umap" 1141
